allele_key,pseudo_sequence,source
DPA1*01:03-DPB1*02:01,MYWMNQGMAFLPTEGCCIGPDHKIPQIEKPWRQG,placeholder
DPA1*01:03-DPB1*03:01,WNWVDGWSQMEGFVPHLPPYKNPDAGQFNEWIVG,placeholder
DPA1*01:03-DPB1*04:01,GWVCGMKKILSTTVELGHAISPMCYKQFAQIGPG,placeholder
DPA1*01:03-DPB1*04:02,STSWSTVMEAIWIAQITVVLYQGDDCKRKHMARL,placeholder
DPA1*02:01-DPB1*01:01,CMYHMLYFPAYGWRWPQPKFITINWNYRCNMCSG,placeholder
DPA1*02:01-DPB1*05:01,GGKHWARQDIIWMYDKSPGQVSQVLAPKNQVVEH,placeholder
DPA1*02:01-DPB1*14:01,SVHPRHFFNFSQIRVTWWNLQAQRLNHMWQWTSS,placeholder
DPA1*03:01-DPB1*04:02,NNASIPLMQLLQDARRDYMSMQQWPYPARRCERD,placeholder
DPB1*01:01,IWQEAFFFIWFCDQPQMGMMMSWDWPTWVEMFNS,placeholder
DPB1*02:01,QFMECGGIRNSMSDHSRQIVDDRSFCYYNIIETD,placeholder
DPB1*03:01,PIGRIECCKTMDTFDNGDSEYKPDSAYYEDLFGQ,placeholder
DPB1*04:01,MNSYVPKPIRFFSEVDVAKLAICYRVTMKTCSCC,placeholder
DPB1*04:02,WLNAKLAKVWYGVQVSDETVRTGWCRNHPYSHHN,placeholder
DPB1*05:01,ETLDDFMKIWILNWCEAAKSFMQDLPKDNHGIVD,placeholder
DPB1*14:01,LEYWFHGNANWMVVRLQVVPASGALDRSMPQLQG,placeholder
DPB1*20:01,CGQKCEQTCEFHDFIRFVSQLMNLHVQHGVECWY,placeholder
DQA1*01:01-DQB1*05:01,FLAFGWGKCFRPARTFHQHEAQAEHDVKMIDYIY,placeholder
DQA1*01:02-DQB1*05:01,TEIHAMALVRLCQWLARKIPRHTWCGPEGITPKM,placeholder
DQA1*01:02-DQB1*05:02,PGGAYMGMMMFEGYLDPAYAIVCEELVWMKCILI,placeholder
DQA1*01:02-DQB1*06:02,KLWSCLANRSHDAYNMQPNTVTPPDRASIQKYFL,placeholder
DQA1*01:02-DQB1*06:04,FCGGNMIDKGFNFNEAWPHQNAGSSMPFPTSTRQ,placeholder
DQA1*01:03-DQB1*06:03,AAREGPGMHSLACPQWQGVEWKPKHTMEETQRGI,placeholder
DQA1*01:04-DQB1*05:03,CQVYIPSWNEWKGYKVGHWEDCSECAGKEDWRTW,placeholder
DQA1*02:01-DQB1*02:02,IMHLMVTVDWPHETENTCSVEVLVLRRYIERDII,placeholder
DQA1*02:01-DQB1*03:01,QEGQWFTIEYHDPNFAISQLEYFKMPRFCNRGTF,placeholder
DQA1*02:01-DQB1*03:03,DMPMRYGNYYALPGVNMTCFQNFWTVFSDGNWML,placeholder
DQA1*02:01-DQB1*04:02,SFSSYESVNFYRNEHYFNYRPSHFDQTQHGDYTS,placeholder
DQA1*03:01-DQB1*02:01,IFQIHFWKFSATLNALWDPISYMSPNDNILRMHN,placeholder
DQA1*03:01-DQB1*03:01,LLQEEFFLCLIHVERLCWFNTQFPIMRTWYRDLI,placeholder
DQA1*03:01-DQB1*03:02,MRCWACHMQTSPKRPDCSRHVCDETVSSIHHGNK,placeholder
DQA1*03:02-DQB1*04:01,FFYLLGATHGQPQLRSQTNGIYEFTCNWRHKHHH,placeholder
DQA1*03:03-DQB1*04:02,PDWADVHSHERSGVQRMVAHPSVQPASFVAGSEQ,placeholder
DQA1*05:01-DQB1*02:01,TWASVNKEKRYFEIVLVMEKGHWIETSWFYTNCV,placeholder
DQA1*05:01-DQB1*03:01,PWNHYSGPFTSTGNENAFGCFMANFCAGFMGHDV,placeholder
DQA1*05:01-DQB1*03:02,NYMFGNFDQGIFIWPRIDNETTNHRMFEAKMNTM,placeholder
DQA1*05:01-DQB1*03:03,QLGLNYREAMERWKKRYRMHSIHSSMKGKGDKHV,placeholder
DQA1*05:01-DQB1*04:02,DWTKVEEADWFIVIHKPNQGSNYKGPWAFNDSIA,placeholder
DQA1*05:05-DQB1*03:01,YEIPLLCFLAVQFNCCAHEMWDFFSESNFDSEYL,placeholder
DQA1*06:01-DQB1*04:02,KCVGVPLNKWHMTCKYARIQHEPVNVPSHRTFER,placeholder
DQB1*02:01,RFLDWAFGAKDWMCERQPTCEWATLVKTFMANDD,placeholder
DQB1*03:01,QCRHAICPDQPMCFSINVETDGFNKRNPQDWFQM,placeholder
DQB1*03:02,WAAMAPRGQLQPDMDDQDILKPYKCCFATPSSIF,placeholder
DQB1*04:02,EQACMVCPHHALHWDAKYMEQMKDIQIEVCDKWC,placeholder
DQB1*05:01,KEFEEKFVMEDCDCIQWKWRVQRPWCDKVHYSDS,placeholder
DQB1*06:02,VKILTLWYCHSETRGTWMRERVDDNMGEHGVTKS,placeholder
DRB1*01:01,SNHTPSLAFWWATCENNWVDKPTRGERCKIALWY,placeholder
DRB1*01:02,LWGHLCEICIDCLSDIHEMCTDKKEHVDYDPMKH,placeholder
DRB1*01:03,TLDEDFWSFGQDVTTNEKVCQIIGCMHPRGEFGC,placeholder
DRB1*03:01,TNESIKKRQVFMYGNKGAMGLRFCSQSRWMMGEL,placeholder
DRB1*03:02,EVRVVCYCFCQYRQYWPQFYFSNWIEPVYCVTVR,placeholder
DRB1*03:03,KEHVRQPNSCVLDDFLQGEFKTWVWKHIGGPWWD,placeholder
DRB1*04:01,NIFCQTFKHDQVIRASSPNNDYWKQLKLCYIIWL,placeholder
DRB1*04:02,PKKEKNCHASFLIPFEESWMMLLGGTCFPTDMGL,placeholder
DRB1*04:03,QHKCENNISACRSHKPFAYCENTAKWRNWETYSI,placeholder
DRB1*04:04,IHWDWKIEHRFYIMIDTFFREYVFLKIIIIAVKQ,placeholder
DRB1*04:05,GCCYCPNDQTCQGHIDKNVAMHQAHYKIFKTFAF,placeholder
DRB1*04:06,WDGPERFDCFQVTVTMDLNENPCDVSEDRGAPFF,placeholder
DRB1*07:01,EIKTDNHNENELMCYYIDYCSWEPSCDRDNAFLC,placeholder
DRB1*08:01,AVQQMGMKTTIKPGDMVIPCRQNDISPYMTCAFG,placeholder
DRB1*08:02,RGICTFEDENKMNFTRTVRKNICSPPCWSWDGPV,placeholder
DRB1*08:03,QWSCRKAKMKGFIPFERCYYILLNIGWENDRMRP,placeholder
DRB1*09:01,SSPSQITNDHNDQHPCVEKTRHWLFSDLTRFFAA,placeholder
DRB1*10:01,AHYAAPAEMNMIDCSQQCHQHTFKAWFEQQFGLM,placeholder
DRB1*11:01,DCRGESYWRWNQSDPHRMLMEGMRIPHYVRSNWR,placeholder
DRB1*11:04,EERSYDMGHLSAAPDDFDRVNKREPTWPYSDGES,placeholder
DRB1*12:01,WHIYYDRAMVADDTDDKGLNKRRYMLKLTTTGEI,placeholder
DRB1*12:02,DKDVFRKHCKYHNAYSRVKMSYSMPRIETHNPYV,placeholder
DRB1*13:01,CRCGNGMLNDIFDQKCLHIPFSNCFIICYICGEV,placeholder
DRB1*13:02,ARSGDVDLRLFPEITHVIQYIWTVVMFQQVDGNI,placeholder
DRB1*14:02,EDAEDNWIGGKHRYGLTNLVHHCPKLVQGGWIKF,placeholder
DRB1*14:54,WKLMCHEGEKMWTDLCGYRERQGTGNCHRFFSFL,placeholder
DRB1*15:01,YSGWSILPTMKVIWLDGGTKTSEVFQYKPLEFDF,placeholder
DRB1*15:02,WLNMKHCIHSAGHHYIIIVFTFGKMTRGHWLSQV,placeholder
DRB1*16:01,ITMNYKSHIHAHANYESGWHYPDYFSHIHKVYIE,placeholder
DRB1*16:02,AHLEWAKNSWWTWNVNWPSKDGMVAVHEDVTINC,placeholder
DRB3,LSSRKHFMFGRLAINAMFDTPTRDRLIFELQVWL,placeholder
DRB3*01:01,RWNQTWAVFYSINRNWWPKKWPVDIFGQYNYWGV,placeholder
DRB3*02:02,FIKSCHNDRLQSMGRASNVSWWCERGVFRVGEDM,placeholder
DRB3*03:01,WSHWGMQVWFLDYPWQIARRSIDHKQCHVEWGIC,placeholder
DRB4,PDWFPCIHHVVAFFRYTPHPFLDTHLMEHCNGEE,placeholder
DRB4*01:01,GNSLSNFIDAQMLEGCLHMSFCMKLDYLILAFCA,placeholder
DRB4*01:03,QWESEEFSRWLFGVIQREFDRPNWEVLPWHPRQN,placeholder
DRB5,ICHFQRPHGQYDDFVQSKVMAYQYWADTDFPACQ,placeholder
DRB5*01:01,LCAKGKRTWQIRPVHSHFPAFAPLRCIVRQILWK,placeholder
DRB5*01:02,AAAVYRFLHIFPGLCHCKWHTRIVPSQVEPWCWL,placeholder
