HLA	label	affinity	cls_prob	reg_yhat
DRB1*03:01	0.0	0.6127781	0.22400245	0.253645
DRB1*03:01	0.0	0.7969252	0.014305872	0.23651235
DRB1*03:01	0.0	0.0	0.056306414	0.2372404
DRB1*03:01	0.0	0.4750195	0.7964798	0.5644989
DRB1*03:01	0.0	0.084686644	0.0656909	0.24497885
DRB1*03:01	0.0	0.19614686	0.16265312	0.2953688
DRB1*03:01	0.0	0.0	0.21495873	0.26668492
DRB1*03:01	0.0	0.34130898	0.34927893	0.3147362
DRB1*03:01	0.0	0.16959305	0.018314607	0.26547182
DRB1*03:01	0.0	0.35740563	0.10517086	0.24242865
DRB1*03:01	0.0	0.3704821	0.06995532	0.25816053
DRB1*03:01	0.0	0.0	0.018580893	0.23009785
DRB1*03:01	0.0	0.38218588	0.027054574	0.25301155
DRB1*03:01	0.0	0.0	0.0678723	0.25332367
DRB1*03:01	0.0	0.0	0.78824633	0.51646316
DRB1*03:01	0.0	0.0	0.01585442	0.24086317
DRB1*03:01	0.0	0.5439395	0.09631367	0.28072736
DRB1*03:01	0.0	0.05265516	0.708297	0.4726953
DRB1*03:01	0.0	0.21377882	3.3014203e-05	0.2597516
DRB1*03:01	0.0	0.21882677	0.15868731	0.3277865
DRB1*03:01	0.0	0.3185862	0.016101567	0.2393424
DRB1*03:01	0.0	0.39295632	0.9335572	0.69346774
DRB1*03:01	0.0	0.6714029	0.06518527	0.24422511
DRB1*03:01	0.0	0.26151553	0.099066265	0.23695359
DRB1*03:01	0.0	0.0	0.31585765	0.2846471
DRB1*03:01	0.0	0.62472034	0.015023467	0.23843062
DRB1*03:01	0.0	0.0	0.0941692	0.2452291
DRB1*03:01	0.0	0.0	0.30073807	0.29963717
DRB1*03:01	0.0	0.0	0.014077704	0.24640283
DRB1*03:01	0.0	0.7959039	0.0108847255	0.24363112
DRB1*03:01	0.0	0.15538731	0.07099687	0.2512557
DRB1*03:01	0.0	0.41158956	0.21203268	0.25476417
DRB1*03:01	1.0	0.87187403	0.8208179	0.57126033
DRB1*03:01	0.0	0.084686644	0.056938197	0.3426968
DRB1*03:01	0.0	0.084686644	0.0018664374	0.2371319
DRB1*03:01	0.0	0.6502526	0.050888136	0.23964457
DRB1*03:01	0.0	0.49501443	0.10268384	0.24966572
DRB1*03:01	0.0	0.0	0.06812469	0.23540027
DRB1*03:01	0.0	0.3242111	0.065928884	0.2500826
DRB1*03:01	0.0	0.7703366	0.0009948725	0.24973896
DRB1*03:01	0.0	0.32779652	0.1794174	0.27071643
DRB1*03:01	0.0	0.055317968	0.013276548	0.23394348
DRB1*03:01	0.0	0.09289672	0.076962076	0.25802946
DRB1*03:01	0.0	0.45345432	0.7665489	0.5088303
DRB1*03:01	0.0	0.0	0.014188738	0.24380162
DRB1*03:01	0.0	0.27599254	0.0010716047	0.24569781
DRB1*03:01	0.0	0.0	0.015253184	0.23427925
DRB1*03:01	0.0	0.42674097	0.14237833	0.2543219
DRB1*03:01	0.0	0.084686644	0.006044321	0.24329929
DRB1*03:01	1.0	0.8078111	0.07048238	0.25070873
DRB1*03:01	0.0	0.0	0.014572043	0.24187699
DRB1*03:01	0.0	0.4003866	0.31352004	0.32696307
DRB1*03:01	0.0	0.0	0.037106104	0.23648952
DRB1*03:01	0.0	0.6953878	0.06013629	0.24059555
DRB1*03:01	0.0	0.29740685	0.081859894	0.24873134
DRB1*03:01	0.0	0.0	0.46157995	0.40730113
DRB1*03:01	0.0	0.5487152	0.00398799	0.23644967
DRB1*03:01	0.0	0.054617725	0.1725355	0.26612985
DRB1*03:01	0.0	0.22952299	0.037463937	0.23033823
DRB1*03:01	0.0	0.0	0.7729506	0.5213292
DRB1*03:01	0.0	0.054617725	0.0538769	0.24643058
DRB1*03:01	0.0	0.46980685	0.2829143	0.2806181
DRB1*03:01	0.0	0.084686644	0.0045065936	0.24931279
DRB1*03:01	0.0	0.0	0.040007643	0.24138892
DRB1*03:01	0.0	0.5639006	0.20770109	0.28725994
DRB1*03:01	0.0	0.35608965	0.024242288	0.2414527
DRB1*03:01	0.0	0.28506544	0.09612345	0.24465385
DRB1*03:01	0.0	0.6953878	0.047675185	0.23940456
DRB1*03:01	0.0	0.69887584	0.2164077	0.26679265
DRB1*03:01	0.0	0.0	0.54254246	0.4105584
DRB1*03:01	0.0	0.1419023	0.56680226	0.4132915
DRB1*03:01	0.0	0.0	0.09610408	0.24265718
DRB1*03:01	0.0	0.084686644	0.02012813	0.23164755
DRB1*03:01	0.0	0.0	0.7284861	0.47947997
DRB1*03:01	0.0	0.63305235	0.052884515	0.23894167
DRB1*03:01	0.0	0.084686644	0.30405462	0.29751888
DRB1*03:01	0.0	0.31388906	0.05551701	0.22952196
DRB1*03:01	0.0	0.084686644	0.00068258576	0.24809505
DRB1*03:01	0.0	0.0	0.05263039	0.24001136
DRB1*03:01	0.0	0.0	0.017673895	0.25495046
DRB1*03:01	0.0	0.0	0.001713695	0.23460391
DRB1*03:01	0.0	0.39077553	0.096601896	0.24013403
DRB1*03:01	0.0	0.77837855	0.03218524	0.24287838
DRB1*03:01	0.0	0.02062367	0.17827617	0.27115178
DRB1*03:01	0.0	0.0	0.3237445	0.30897498
DRB1*03:01	0.0	0.29374114	0.07604587	0.2449409
DRB1*03:01	0.0	0.18709695	0.0019659165	0.25520235
DRB1*03:01	0.0	0.47222328	0.018117743	0.24414621
DRB1*03:01	0.0	0.32117656	0.29489887	0.29771248
DRB1*03:01	0.0	0.084686644	0.013461131	0.23814791
DRB1*03:01	0.0	0.02062367	0.13160263	0.24308074
DRB1*03:01	0.0	0.4457879	0.03255877	0.23694205
DRB1*03:01	0.0	0.2350915	0.3433314	0.309399
DRB1*03:01	0.0	0.69887584	0.004513609	0.2467796
DRB1*03:01	1.0	1.0	0.6208836	0.40485469
DRB1*03:01	0.0	0.0	0.66878814	0.47686964
DRB1*03:01	0.0	0.55907744	0.889601	0.6438776
DRB1*03:01	0.0	0.35470632	0.08687507	0.22861719
DRB1*03:01	0.0	0.122601144	0.27151063	0.30130416
DRB1*03:01	0.0	0.23258528	0.5186762	0.36213464
DRB1*03:01	0.0	0.34824398	0.23381363	0.24826975
DRB1*03:01	0.0	0.0	0.30087867	0.30775422
DRB1*03:01	0.0	0.0	0.011431431	0.2359696
DRB1*03:01	0.0	0.084686644	0.027989935	0.24718195
DRB1*03:01	0.0	0.5066869	0.6125583	0.43199894
DRB1*03:01	0.0	0.084686644	0.26916045	0.27894247
DRB1*03:01	0.0	0.0	0.4973839	0.3819734
DRB1*03:01	0.0	0.640305	0.22392045	0.26597032
DRB1*03:01	0.0	0.20530678	0.016166821	0.23282115
DRB1*03:01	0.0	0.47222328	0.35861754	0.31904703
DRB1*03:01	0.0	0.084686644	0.16963431	0.32871476
DRB1*03:01	0.0	0.7871874	0.59480846	0.4451468
DRB1*03:01	0.0	0.084686644	0.21792655	0.2823567
DRB1*03:01	0.0	0.0	0.041199353	0.2507318
DRB1*03:01	0.0	0.2543782	0.060609058	0.2330546
DRB1*03:01	0.0	0.467452	0.34155092	0.32810435
DRB1*03:01	0.0	0.53151494	0.29201782	0.23283608
DRB1*03:01	0.0	0.0	0.19152828	0.27404225
DRB1*03:01	0.0	0.0	0.47100425	0.32992688
DRB1*03:01	0.0	0.27795395	0.00093816966	0.25727212
DRB1*03:01	0.0	0.0	0.06600842	0.2351675
DRB1*03:01	0.0	0.6887833	0.29091063	0.33040333
DRB1*03:01	1.0	1.0	0.18139659	0.35898986
DRB1*03:01	0.0	0.0	0.32127842	0.3004349
DRB1*03:01	1.0	0.87187403	0.25290582	0.28356218
DRB1*03:01	0.0	0.2969923	0.08873645	0.23802422
DRB1*03:01	0.0	0.71020716	0.62573135	0.45144188
DRB1*03:01	0.0	0.79795784	0.11259095	0.2368846
DRB1*03:01	0.0	0.0	0.6413119	0.47304255
DRB1*03:01	0.0	0.0	0.00031062381	0.24406193
DRB1*03:01	0.0	0.0	0.021946508	0.24515173
DRB1*03:01	0.0	0.23074922	0.42568222	0.43626842
DRB1*03:01	0.0	0.3932163	0.017977908	0.24192041
DRB1*03:01	0.0	0.5002512	0.0032590865	0.24562943
DRB1*03:01	0.0	0.5044915	0.012065961	0.24286446
DRB1*03:01	0.0	0.084686644	0.039362215	0.24327764
DRB1*03:01	0.0	0.14535606	0.058761038	0.3507008
DRB1*03:01	0.0	0.02062367	0.056546304	0.23417313
DRB1*03:01	0.0	0.0	0.3419833	0.30374026
DRB1*03:01	0.0	0.5480176	0.01689423	0.25267595
DRB1*03:01	0.0	0.6545521	0.28782734	0.29589117
DRB1*03:01	0.0	0.02062367	0.01755302	0.22567321
DRB1*03:01	0.0	0.6687992	0.12430406	0.24334264
DRB1*03:01	0.0	0.598531	0.014873742	0.2525038
DRB1*03:01	1.0	0.9082004	0.156462	0.24314603
DRB1*03:01	0.0	0.079405926	0.018469123	0.23919663
DRB1*03:01	0.0	0.27079526	0.16951874	0.26419476
DRB1*03:01	0.0	0.24202591	0.12645277	0.24637763
DRB1*03:01	0.0	0.0	0.026851421	0.23717758
DRB1*03:01	0.0	0.0	0.016571382	0.25216347
DRB1*03:01	0.0	0.6141892	0.060209014	0.23696567
DRB1*03:01	0.0	0.264087	0.202788	0.25074807
DRB1*03:01	0.0	0.63305235	0.91122884	0.6491643
DRB1*03:01	1.0	0.90650445	0.110668175	0.24797206
DRB1*03:01	0.0	0.084686644	0.08022498	0.24353942
DRB1*03:01	0.0	0.0	0.018405126	0.23458809
DRB1*03:01	0.0	0.054617725	0.21751471	0.2882279
DRB1*03:01	0.0	0.084686644	0.14403327	0.28216
DRB1*03:01	0.0	0.5338698	0.014213931	0.23423521
DRB1*03:01	0.0	0.0	0.021112008	0.23973799
DRB1*03:01	0.0	0.084686644	0.057143018	0.24786106
DRB1*03:01	0.0	0.0	0.5498584	0.39478087
DRB1*03:01	0.0	0.4005274	0.14864644	0.23961776
DRB1*03:01	0.0	0.34064326	0.008898713	0.24477306
DRB1*03:01	0.0	0.0	0.07615094	0.2489461
DRB1*03:01	0.0	0.0	0.051929116	0.23319566
DRB1*03:01	0.0	0.60346144	0.113850184	0.25251672
DRB1*03:01	0.0	0.6545521	0.029090937	0.25520584
DRB1*03:01	0.0	0.36916822	0.34759676	0.33474788
DRB1*03:01	0.0	0.02062367	0.5737663	0.42434382
DRB1*03:01	0.0	0.29880232	0.15730706	0.25009817
DRB1*03:01	0.0	0.43977994	0.3055688	0.32421675
DRB1*03:01	0.0	0.0	0.11369278	0.23967864
DRB1*03:01	0.0	0.40010568	0.14614995	0.28774226
DRB1*03:01	0.0	0.71861506	0.15537305	0.2940791
DRB1*03:01	0.0	0.0	0.03886545	0.22766238
DRB1*03:01	1.0	1.0	0.8030948	0.5336802
DRB1*03:01	0.0	0.17253448	0.0653784	0.23958653
DRB1*03:01	0.0	0.0	0.064868115	0.23507564
DRB1*03:01	0.0	0.24337965	0.26252225	0.29342476
DRB1*03:01	0.0	0.4942345	6.0586375e-05	0.25127447
DRB1*03:01	0.0	0.2476988	0.010792567	0.24230666
DRB1*03:01	0.0	0.474078	0.005072273	0.23574542
DRB1*03:01	0.0	0.0	0.026392655	0.24284284
DRB1*03:01	0.0	0.0	0.22479138	0.26010668
DRB1*03:01	0.0	0.0	0.13375926	0.30106467
DRB1*03:01	0.0	0.084686644	0.086772285	0.24218504
DRB1*03:01	0.0	0.59271634	0.0380982	0.25369483
DRB1*03:01	0.0	0.0	0.18864407	0.26420462
DRB1*03:01	0.0	0.37464598	0.017198497	0.24910626
DRB1*03:01	0.0	0.41190773	0.20881389	0.25350505
DRB1*03:01	0.0	0.0	0.012477444	0.2352063
DRB1*03:01	0.0	0.0	0.08058076	0.24455696
DRB1*03:01	0.0	0.0	0.05562549	0.23284814
DRB1*03:01	0.0	0.084686644	0.05945089	0.2599007
DRB1*03:01	0.0	0.5326849	0.29243872	0.32254297
DRB1*03:01	0.0	0.6768411	0.45987186	0.40372223
DRB1*03:01	0.0	0.598531	0.96209496	0.7722994
DRB1*03:01	0.0	0.19644059	0.009238095	0.2568164
DRB1*03:01	0.0	0.236753	0.008202847	0.23360296
DRB1*03:01	0.0	0.084686644	0.27629036	0.30627224
DRB1*03:01	0.0	0.1945251	0.004607433	0.24898952
DRB1*03:01	0.0	0.61138827	0.005367431	0.23115338
DRB1*03:01	0.0	0.28099573	0.09053814	0.24221024
DRB1*03:01	0.0	0.0	0.031174373	0.2476191
DRB1*03:01	0.0	0.35026646	0.25130177	0.2782183
DRB1*03:01	0.0	0.48326233	0.14091082	0.2752039
DRB1*03:01	0.0	0.6687992	0.084855855	0.25902578
DRB1*03:01	0.0	0.0	0.19611862	0.263359
DRB1*03:01	0.0	0.0	0.039052017	0.23564959
DRB1*03:01	0.0	0.60220397	0.7038687	0.5059384
DRB1*03:01	0.0	0.45172212	0.067920975	0.24695376
DRB1*03:01	1.0	0.87187403	0.29952392	0.24650532
DRB1*03:01	0.0	0.0	0.00061842834	0.24028735
DRB1*03:01	0.0	0.36018616	0.0137557695	0.2401399
DRB1*03:01	0.0	0.0	0.04567556	0.2610462
DRB1*03:01	0.0	0.7969252	0.8587781	0.6142112
DRB1*03:01	0.0	0.0	0.1132468	0.23882785
DRB1*03:01	1.0	0.85125035	0.7357485	0.5015575
DRB1*03:01	0.0	0.72312444	0.65883625	0.44912174
DRB1*03:01	0.0	0.19973473	0.025627585	0.24888682
DRB1*03:01	0.0	0.0	0.46440515	0.3499804
DRB1*03:01	0.0	0.29749924	0.006574961	0.23910224
DRB1*03:01	0.0	0.30899948	0.0004903154	0.2568462
DRB1*03:01	0.0	0.68565	0.2700433	0.27381688
DRB1*03:01	0.0	0.18244375	0.31522235	0.3959058
DRB1*03:01	0.0	0.29749924	0.78876406	0.537472
DRB1*03:01	0.0	0.084686644	0.014629837	0.25656626
DRB1*03:01	0.0	0.02062367	0.0074193534	0.2292662
DRB1*03:01	0.0	0.0	0.010703392	0.25179836
DRB1*03:01	0.0	0.5253324	0.29697275	0.31911713
DRB1*03:01	0.0	0.0	0.18822446	0.28640634
DRB1*03:01	0.0	0.22757255	0.095595196	0.23786926
DRB1*03:01	0.0	0.7328622	0.4478027	0.30533567
DRB1*03:01	0.0	0.0	0.016912472	0.24428532
DRB1*03:01	0.0	0.74971294	0.068692766	0.24803765
DRB1*03:01	0.0	0.084686644	0.86406624	0.6010163
DRB1*03:01	0.0	0.6263277	0.061548285	0.23862636
DRB1*03:01	0.0	0.53209805	0.81990564	0.58266306
DRB1*03:01	0.0	0.43293062	0.05732583	0.24127373
DRB1*03:01	0.0	0.26360536	0.020015832	0.24461576
DRB1*03:01	0.0	0.62158704	0.056080084	0.24371725
DRB1*03:01	0.0	0.60096335	0.23518147	0.31083196
DRB1*03:01	0.0	0.64221066	0.6154594	0.46629784
DRB1*03:01	0.0	0.77837855	0.67201626	0.47014964
DRB1*03:01	0.0	0.17783624	0.070409685	0.24636996
DRB1*03:01	0.0	0.3359726	0.5325627	0.39999077
DRB1*03:01	0.0	0.49860802	0.67845213	0.49061817
DRB1*03:01	0.0	0.0	0.096274234	0.26088464
DRB1*03:01	0.0	0.5027719	0.12603611	0.25696263
DRB1*03:01	0.0	0.35359737	0.00476718	0.24711785
DRB1*03:01	0.0	0.0	0.14082868	0.22961116
DRB1*03:01	0.0	0.21539934	0.02009241	0.25261104
DRB1*03:01	0.0	0.5841126	0.38987765	0.35748753
DRB1*03:01	0.0	0.399268	0.2897494	0.29056016
DRB1*03:01	0.0	0.0	0.019630637	0.24114552
DRB1*03:01	0.0	0.3376698	0.2092397	0.3152737
DRB1*03:01	0.0	0.68261945	0.26166978	0.25075963
DRB1*03:01	0.0	0.23483312	0.134668	0.2363817
DRB1*03:01	0.0	0.33125994	0.18988852	0.27144068
DRB1*03:01	0.0	0.42525622	0.027448094	0.25070435
DRB1*03:01	1.0	0.83439964	0.18922314	0.2664979
DRB1*03:01	0.0	0.45624372	0.14309922	0.27670497
DRB1*03:01	0.0	0.3470514	0.7269672	0.5113528
DRB1*03:01	0.0	0.6545521	0.22494118	0.32639652
DRB1*03:01	0.0	0.42093995	0.08408722	0.23911977
DRB1*03:01	0.0	0.106379345	0.22126086	0.29534656
DRB1*03:01	0.0	0.48360783	0.01634863	0.25301448
DRB1*03:01	0.0	0.4169845	0.2126617	0.25238994
DRB1*03:01	0.0	0.38230148	0.13849431	0.25276762
DRB1*03:01	0.0	0.45395526	0.75872076	0.5100538
DRB1*03:01	0.0	0.054617725	0.05003393	0.24913856
DRB1*03:01	0.0	0.23048028	0.6560703	0.46759728
DRB1*03:01	0.0	0.0	0.0010860804	0.22595996
DRB1*03:01	0.0	0.72312444	0.11586976	0.2603421
DRB1*03:01	0.0	0.39518985	0.15922374	0.27519464
DRB1*03:01	0.0	0.26347736	0.18463063	0.2688843
DRB1*03:01	0.0	0.2609537	0.5445118	0.43983454
DRB1*03:01	0.0	0.0	0.027532129	0.23536834
DRB1*03:01	0.0	0.0	0.09270862	0.22972152
DRB1*03:01	0.0	0.33918083	0.01306244	0.25488603
DRB1*03:01	0.0	0.39102945	0.025642486	0.23640132
DRB1*03:01	0.0	0.34904766	0.03620061	0.23643401
DRB1*03:01	0.0	0.5338698	0.06200248	0.24217917
DRB1*03:01	0.0	0.0	0.027348984	0.23547968
DRB1*03:01	0.0	0.0	0.16414835	0.23209605
DRB1*03:01	0.0	0.21475528	0.026917657	0.24791686
DRB1*03:01	0.0	0.0	0.070582345	0.23413055
DRB1*03:01	0.0	0.33403116	0.008643438	0.254475
DRB1*03:01	1.0	0.8188415	0.09821061	0.23631784
DRB1*03:01	0.0	0.0	0.020330459	0.2425825
DRB1*03:01	0.0	0.46980685	0.19964163	0.25521365
DRB1*03:01	0.0	0.25622234	0.20928317	0.25279686
DRB1*03:01	1.0	1.0	0.4275488	0.3645184
DRB1*03:01	0.0	0.77837855	0.7571402	0.51852906
DRB1*03:01	0.0	0.0	0.045137923	0.23521367
DRB1*03:01	0.0	0.3156156	0.015634663	0.24221233
DRB1*03:01	0.0	0.3240262	0.011122186	0.22560808
DRB1*03:01	1.0	1.0	0.16581312	0.24659523
DRB1*03:01	0.0	0.0	0.55179644	0.40602985
DRB1*03:01	0.0	0.66380215	0.41647658	0.3701989
DRB1*03:01	0.0	0.02062367	0.6009014	0.41542813
DRB1*03:01	0.0	0.54003364	0.14056338	0.26495028
DRB1*03:01	0.0	0.0	0.00021103895	0.2518629
DRB1*03:01	0.0	0.084686644	0.009788104	0.24347225
DRB1*03:01	0.0	0.29749924	0.025644131	0.23950729
DRB1*03:01	0.0	0.48020953	0.88127655	0.609918
DRB1*03:01	0.0	0.62796354	0.22933519	0.28538832
DRB1*03:01	0.0	0.6384378	0.02674457	0.23995227
DRB1*03:01	0.0	0.0	0.01464457	0.24381426
DRB1*03:01	0.0	0.0	0.019895697	0.24276286
DRB1*03:01	0.0	0.059987713	0.5580101	0.41031078
DRB1*03:01	0.0	0.054617725	0.011952536	0.2380088
DRB1*03:01	0.0	0.084686644	0.08664019	0.25896743
DRB1*03:01	0.0	0.7969252	0.3115706	0.3181314
DRB1*03:01	0.0	0.0	0.0017569745	0.23390803
DRB1*03:01	0.0	0.51554024	0.0042853667	0.2410969
DRB1*03:01	0.0	0.60473627	0.05694954	0.25281006
DRB1*03:01	0.0	0.45965263	0.02218116	0.24751069
DRB1*03:01	0.0	0.0	0.17033024	0.25758123
DRB1*03:01	0.0	0.0	0.0072035273	0.2431606
DRB1*03:01	0.0	0.0	0.1381618	0.27005488
DRB1*03:01	0.0	0.738145	0.10595822	0.2569878
DRB1*03:01	0.0	0.4759707	0.04613879	0.24334045
DRB1*03:01	0.0	0.2278984	0.30572346	0.2956979
DRB1*03:01	0.0	0.084686644	0.07337371	0.23596385
DRB1*03:01	0.0	0.36000422	0.3310753	0.3155101
DRB1*03:01	0.0	0.18681747	0.12176488	0.24417007
DRB1*03:01	0.0	0.2376918	0.12396927	0.25109807
DRB1*03:01	1.0	1.0	0.7181126	0.49506736
DRB1*03:01	0.0	0.0	0.033288874	0.23558827
DRB1*03:01	0.0	0.084686644	0.14292881	0.31268263
DRB1*03:01	0.0	0.0	0.05282522	0.2429693
DRB1*03:01	0.0	0.084686644	0.0532545	0.23283252
DRB1*03:01	0.0	0.71431553	0.17146237	0.24162397
DRB1*03:01	0.0	0.0	0.017972352	0.23541774
DRB1*03:01	0.0	0.02062367	0.025076158	0.22577791
DRB1*03:01	0.0	0.11440848	0.23305088	0.26928142
DRB1*03:01	0.0	0.0	0.007092404	0.23306525
DRB1*03:01	0.0	0.44532922	0.71727747	0.5336739
DRB1*03:01	0.0	0.4942345	0.008878553	0.2530354
DRB1*03:01	0.0	0.0	0.19156833	0.2679449
DRB1*03:01	0.0	0.6614014	0.488556	0.39991748
DRB1*03:01	0.0	0.0	0.89804417	0.6386491
DRB1*03:01	0.0	0.5356762	0.16559026	0.24709037
DRB1*03:01	0.0	0.23343627	0.033751737	0.24204943
DRB1*03:01	0.0	0.0	0.14185055	0.30297816
DRB1*03:01	0.0	0.0	0.27077097	0.32762685
DRB1*03:01	0.0	0.0	0.018364966	0.23385188
DRB1*03:01	0.0	0.087178394	0.5922824	0.4259817
DRB1*03:01	0.0	0.36221147	0.017947659	0.22713774
DRB1*03:01	0.0	0.0	0.43518037	0.34709466
DRB1*03:01	0.0	0.0	0.2265991	0.26303262
DRB1*03:01	0.0	0.0	0.23557277	0.26100153
DRB1*03:01	0.0	0.3861998	0.20622769	0.26300615
DRB1*03:01	0.0	0.0	0.03109375	0.2392631
DRB1*03:01	0.0	0.4168163	0.18802482	0.24217127
DRB1*03:01	0.0	0.094414145	0.109785646	0.24948749
DRB1*03:01	0.0	0.0	0.13793325	0.2434875
DRB1*03:01	0.0	0.374966	0.5790425	0.39513507
DRB1*03:01	0.0	0.36967134	0.06326365	0.2758988
DRB1*03:01	0.0	0.33724257	0.15419994	0.2995213
DRB1*03:01	0.0	0.11634074	0.013116801	0.24537444
DRB1*03:01	0.0	0.591596	0.23727798	0.2585241
DRB1*03:01	0.0	0.0	0.19224583	0.25523672
DRB1*03:01	0.0	0.576242	0.89636344	0.67407197
DRB1*03:01	0.0	0.5707499	0.017540181	0.24759053
DRB1*03:01	0.0	0.3544492	0.36211225	0.30668688
DRB1*03:01	0.0	0.09807683	0.3877617	0.3203029
DRB1*03:01	0.0	0.6200593	0.097734965	0.24289696
DRB1*03:01	0.0	0.5426191	0.22951797	0.27896374
DRB1*03:01	0.0	0.0	0.116418645	0.2286251
DRB1*03:01	0.0	0.3623978	0.61798275	0.43696022
DRB1*03:01	0.0	0.0	0.5331851	0.3875072
DRB1*03:01	0.0	0.71861506	0.024046665	0.24188098
DRB1*03:01	0.0	0.2601481	0.11445272	0.23680116
DRB1*03:01	0.0	0.084686644	0.10670813	0.25030208
DRB1*03:01	0.0	0.060438067	0.021527248	0.2331803
DRB1*03:01	0.0	0.084686644	0.025781326	0.2739752
DRB1*03:01	0.0	0.71020716	0.1123786	0.25465876
DRB1*03:01	0.0	0.69887584	0.017563343	0.25083807
DRB1*03:01	0.0	0.0	0.08327756	0.24169779
DRB1*03:01	0.0	0.084686644	0.030893512	0.23756093
DRB1*03:01	0.0	0.0	0.038962062	0.25615054
DRB1*03:01	0.0	0.02062367	0.5503195	0.3960979
DRB1*03:01	0.0	0.084686644	0.07332321	0.25575525
DRB1*03:01	0.0	0.49659437	0.17406099	0.2576832
DRB1*03:01	0.0	0.77837855	0.16635276	0.25688186
DRB1*03:01	0.0	0.6545521	0.7851304	0.5278797
DRB1*03:01	0.0	0.674082	0.86858463	0.6320336
DRB1*03:01	0.0	0.0	0.24508539	0.3441322
DRB1*03:01	0.0	0.62796354	0.56896967	0.44329655
DRB1*03:01	0.0	0.65906143	0.0016942951	0.2567409
DRB1*03:01	0.0	0.17692913	0.035720136	0.24569957
DRB1*03:01	0.0	0.59048915	0.3204148	0.32087758
DRB1*03:01	0.0	0.35334337	0.005307526	0.2459706
DRB1*03:01	0.0	0.08312411	0.086270034	0.26047084
DRB1*03:01	0.0	0.097648054	0.06340633	0.23747472
DRB1*03:01	0.0	0.084686644	0.02457299	0.24242279
DRB1*03:01	0.0	0.0	0.40919375	0.32825774
DRB1*03:01	0.0	0.0	0.036553793	0.24107194
DRB1*03:01	0.0	0.0	0.10687104	0.3424342
DRB1*03:01	0.0	0.21633552	0.047048654	0.26449227
DRB1*03:01	0.0	0.18825172	0.06306511	0.23535237
DRB1*03:01	0.0	0.0	0.1196475	0.22895154
DRB1*03:01	0.0	0.55228406	0.011813316	0.24215665
DRB1*03:01	0.0	0.0	0.15204766	0.27354038
DRB1*03:01	0.0	0.640305	0.4251895	0.37322125
DRB1*03:01	0.0	0.5286533	0.07635045	0.23987731
DRB1*03:01	0.0	0.44218066	0.20518753	0.29854843
DRB1*03:01	0.0	0.35522264	0.048129477	0.23823595
DRB1*03:01	0.0	0.0	0.0025322193	0.24270573
DRB1*03:01	1.0	0.9911911	0.2522071	0.28324372
DRB1*03:01	0.0	0.3573173	0.09019364	0.24179518
DRB1*03:01	0.0	0.34792444	0.03971323	0.23735766
DRB1*03:01	0.0	0.084686644	0.0125483	0.24519245
DRB1*03:01	0.0	0.15550655	0.007636838	0.24415128
DRB1*03:01	1.0	1.0	0.10314282	0.23554748
DRB1*03:01	0.0	0.52587765	0.7142955	0.52252305
DRB1*03:01	0.0	0.21599051	0.07607517	0.26017308
DRB1*03:01	0.0	0.42844033	0.40821666	0.30808908
DRB1*03:01	0.0	0.66380215	0.60217714	0.4491641
DRB1*03:01	0.0	0.084686644	0.034440774	0.24871948
DRB1*03:01	0.0	0.44954166	0.87449527	0.62451184
DRB1*03:01	0.0	0.5872459	0.39712062	0.32307303
DRB1*03:01	0.0	0.4954069	0.0060841683	0.2502908
DRB1*03:01	1.0	0.85125035	0.94452626	0.7410487
DRB1*03:01	0.0	0.62796354	0.45889732	0.37705177
DRB1*03:01	0.0	0.084686644	0.05161111	0.24129057
DRB1*03:01	0.0	0.0	0.11317324	0.2500093
DRB1*03:01	1.0	0.87187403	0.31142062	0.30912888
DRB1*03:01	0.0	0.055898253	0.19867378	0.32291865
DRB1*03:01	0.0	0.4654396	0.09970774	0.2422754
DRB1*03:01	0.0	0.0	0.23282018	0.25786972
DRB1*03:01	0.0	0.3668885	0.054351225	0.24345374
DRB1*03:01	0.0	0.0	0.0016033112	0.234042
DRB1*03:01	0.0	0.40368012	0.26066765	0.2695766
DRB1*03:01	0.0	0.0	0.02164394	0.23390938
DRB1*03:01	1.0	1.0	0.5806381	0.41841424
DRB1*03:01	0.0	0.66380215	0.3125491	0.319126
DRB1*03:01	0.0	0.56986547	0.16534424	0.24081531
DRB1*03:01	0.0	0.65237737	0.18270028	0.26469094
DRB1*03:01	0.0	0.0	0.0718117	0.23459533
DRB1*03:01	0.0	0.0	0.052217506	0.22978503
DRB1*03:01	0.0	0.4713097	0.008336243	0.25220978
DRB1*03:01	0.0	0.084686644	0.02388575	0.23821107
DRB1*03:01	0.0	0.042738073	0.21616474	0.26499027
DRB1*03:01	0.0	0.22731268	0.16666225	0.24465597
DRB1*03:01	0.0	0.64221066	0.16008228	0.25545675
DRB1*03:01	0.0	0.18729308	0.5548311	0.392908
DRB1*03:01	0.0	0.71020716	0.20950238	0.3233113
DRB1*03:01	0.0	0.0	0.006099799	0.23085342
DRB1*03:01	0.0	0.51031184	0.022119327	0.23371267
DRB1*03:01	0.0	0.43536296	0.27687737	0.27670458
DRB1*03:01	0.0	0.0	0.08418915	0.3300907
DRB1*03:01	0.0	0.5145674	0.63335496	0.4416074
DRB1*03:01	0.0	0.0020276671	0.16969986	0.23860359
DRB1*03:01	0.0	0.0	0.0781175	0.22956969
DRB1*03:01	0.0	0.084686644	0.0027251781	0.22464201
DRB1*03:01	0.0	0.33874658	0.7673222	0.48024002
DRB1*03:01	0.0	0.45074666	0.008809626	0.24964452
DRB1*03:01	0.0	0.0	0.20656325	0.26991305
DRB1*03:01	0.0	0.0	0.088911235	0.24424836
DRB1*03:01	0.0	0.084686644	0.09530397	0.24332686
DRB1*03:01	0.0	0.07418768	0.14791124	0.27401316
DRB1*03:01	0.0	0.0	0.1857288	0.24737757
DRB1*03:01	1.0	0.87187403	0.7586945	0.531194
DRB1*03:01	0.0	0.0	0.20618953	0.27548575
DRB1*03:01	0.0	0.35175052	0.016121257	0.24394098
DRB1*03:01	0.0	0.084686644	0.34983546	0.31643063
DRB1*03:01	0.0	0.0	0.006004885	0.24971639
DRB1*03:01	0.0	0.6060289	0.04440752	0.24366054
DRB1*03:01	0.0	0.0	0.039165184	0.24546066
DRB1*03:01	0.0	0.0	0.13318293	0.23315024
DRB1*03:01	0.0	0.0	0.08132451	0.2531002
DRB1*03:01	1.0	0.80897367	0.80852944	0.565006
DRB1*03:01	0.0	0.3394715	0.17564428	0.2448848
DRB1*03:01	0.0	0.62158704	0.12083934	0.24147066
DRB1*03:01	0.0	0.34792444	0.22831228	0.30651486
DRB1*03:01	0.0	0.5356762	0.14118	0.2938499
DRB1*03:01	0.0	0.06233429	0.44567144	0.35698026
DRB1*03:01	0.0	0.0	0.14463502	0.27755105
DRB1*03:01	0.0	0.46263868	0.2472349	0.29389644
DRB1*03:01	0.0	0.68565	0.07700126	0.24886093
DRB1*03:01	0.0	0.559864	0.09015413	0.2375322
DRB1*03:01	0.0	0.48968816	0.0799128	0.23812419
DRB1*03:01	0.0	0.0	0.15161577	0.25668168
DRB1*03:01	0.0	0.5672618	0.0052746795	0.24107999
DRB1*03:01	0.0	0.0	0.27673763	0.27272522
DRB1*03:01	0.0	0.0	0.02759116	0.23940718
DRB1*03:01	0.0	0.60220397	0.9423501	0.72886145
DRB1*03:01	0.0	0.33639398	0.60594183	0.41188902
DRB1*03:01	1.0	1.0	0.85184807	0.54990757
DRB1*03:01	1.0	1.0	0.41022816	0.38958427
DRB1*03:01	0.0	0.084686644	0.0059164455	0.25607303
DRB1*03:01	0.0	0.084686644	0.00142575	0.25140867
DRB1*03:01	0.0	0.036189485	0.017934436	0.25365004
DRB1*03:01	0.0	0.084686644	0.03760664	0.2629177
DRB1*03:01	0.0	0.348164	0.039079484	0.24605143
DRB1*03:01	0.0	0.084686644	0.011197465	0.24753365
DRB1*03:01	0.0	0.33423725	0.44338572	0.35879302
DRB1*03:01	0.0	0.0	0.03142665	0.23920779
DRB1*03:01	0.0	0.084686644	0.1034513	0.28720695
DRB1*03:01	0.0	0.0	0.030557433	0.23498093
DRB1*03:01	0.0	0.31975463	0.15932201	0.2354318
DRB1*03:01	0.0	0.18852137	0.006892588	0.25320068
DRB1*03:01	0.0	0.22608823	0.2613032	0.28656414
DRB1*03:01	0.0	0.0	0.012778038	0.24998285
DRB1*03:01	0.0	0.19872934	0.92430633	0.6859976
DRB1*03:01	0.0	0.38989228	0.01327568	0.25131434
DRB1*03:01	0.0	0.2404172	0.44966912	0.38575208
DRB1*03:01	0.0	0.0	0.0061094565	0.24343175
DRB1*03:01	0.0	0.59616107	0.7958292	0.5640919
DRB1*03:01	0.0	0.6348129	0.42136547	0.36898214
DRB1*03:01	0.0	0.29749924	0.2975417	0.36087433
DRB1*03:01	0.0	0.42692825	0.03228737	0.24111992
DRB1*03:01	1.0	0.8125518	0.9072224	0.67403626
DRB1*03:01	0.0	0.71861506	0.22942325	0.2827111
DRB1*03:01	1.0	0.85125035	0.13682367	0.25706196
DRB1*03:01	0.0	0.39166728	0.113501795	0.24143437
DRB1*03:01	0.0	0.26931864	0.013090366	0.24577673
DRB1*03:01	0.0	0.084686644	0.0337352	0.23082899
DRB1*03:01	0.0	0.7560895	0.8058995	0.5738379
DRB1*03:01	0.0	0.052538484	0.039713413	0.23947296
DRB1*03:01	0.0	0.42093995	0.017731939	0.22977284
DRB1*03:01	0.0	0.084686644	0.17848413	0.2675184
DRB1*03:01	0.0	0.77837855	0.25966868	0.2728536
DRB1*03:01	0.0	0.0	0.13676125	0.2369886
DRB1*03:01	0.0	0.7703366	0.26046333	0.24974442
DRB1*03:01	0.0	0.0	0.09412289	0.23321874
DRB1*03:01	0.0	0.30440545	0.16005048	0.23834005
DRB1*03:01	0.0	0.0	0.49645752	0.39674708
DRB1*03:01	0.0	0.77837855	0.29332393	0.3107037
DRB1*03:01	0.0	0.68565	0.24991438	0.25732392
DRB1*03:01	0.0	0.64221066	0.7907111	0.54901195
DRB1*03:01	0.0	0.65237737	0.4065465	0.34086123
DRB1*03:01	0.0	0.19540894	0.13651122	0.3014425
DRB1*03:01	0.0	0.7328622	0.8650269	0.62355226
DRB1*03:01	0.0	0.6662669	0.2343324	0.31901118
DRB1*03:01	0.0	0.0	0.08167718	0.2579712
DRB1*03:01	0.0	0.0	0.060007956	0.23080672
DRB1*03:01	0.0	0.0	0.012357452	0.25160363
DRB1*03:01	0.0	0.0	0.015939042	0.24695978
DRB1*03:01	0.0	0.0	0.042364117	0.23037288
DRB1*03:01	0.0	0.0	0.63501316	0.43685848
DRB1*03:01	0.0	0.084686644	0.039078105	0.23658818
DRB1*03:01	0.0	0.37422106	0.106355324	0.2448189
DRB1*03:01	0.0	0.2495781	0.014803625	0.2389454
DRB1*03:01	0.0	0.330795	0.005077307	0.22756906
DRB1*03:01	1.0	0.83439964	0.696887	0.47282055
DRB1*03:01	0.0	0.15727335	0.6167448	0.43426228
DRB1*03:01	0.0	0.2637977	0.0051287482	0.22939126
DRB1*03:01	0.0	0.0	0.2721212	0.29400072
DRB1*03:01	0.0	0.7629388	0.71265066	0.48413602
DRB1*03:01	0.0	0.0	0.11222369	0.2319234
DRB1*03:01	0.0	0.7871874	0.31641302	0.2917308
DRB1*03:01	0.0	0.05994881	0.025062742	0.25118113
DRB1*03:01	0.0	0.289492	0.38207304	0.34557998
DRB1*03:01	0.0	0.5938504	0.85195845	0.579566
DRB1*03:01	0.0	0.48500293	0.086356655	0.25111696
DRB1*03:01	0.0	0.7703366	0.2744567	0.30434012
DRB1*03:01	0.0	0.738145	0.9109604	0.6744422
DRB1*03:01	0.0	0.02062367	0.07272516	0.23610806
DRB1*03:01	0.0	0.5487152	0.0992346	0.25089082
DRB1*03:01	0.0	0.5205645	0.7753224	0.49769753
DRB1*03:01	0.0	0.0	0.24522455	0.262604
DRB1*03:01	0.0	0.07626507	0.227505	0.26628143
DRB1*03:01	0.0	0.084686644	0.08278751	0.2404545
DRB1*03:01	0.0	0.29749924	3.3442397e-05	0.24368277
DRB1*03:01	0.0	0.0	0.093901515	0.2520898
DRB1*03:01	0.0	0.71861506	0.63389033	0.43049634
DRB1*03:01	0.0	0.68261945	0.035178177	0.25011748
DRB1*03:01	0.0	0.0	0.11642971	0.25661445
DRB1*03:01	0.0	0.34280574	0.007696055	0.23878103
DRB1*03:01	0.0	0.5938504	0.11401768	0.247989
DRB1*03:01	0.0	0.5242514	0.21494913	0.27467173
DRB1*03:01	0.0	0.54663813	0.26616657	0.30910334
DRB1*03:01	0.0	0.0	0.2747446	0.27562267
DRB1*03:01	0.0	0.0	0.03703766	0.23471226
DRB1*03:01	0.0	0.48326233	0.0320902	0.24443188
DRB1*03:01	0.0	0.39269707	0.043419823	0.23341848
DRB1*03:01	0.0	0.084686644	0.0938914	0.3352418
DRB1*03:01	0.0	0.084686644	0.042300273	0.24271153
DRB1*03:01	0.0	0.0	0.1042674	0.25355417
DRB1*03:01	0.0	0.053846583	0.31566635	0.27057338
DRB1*03:01	0.0	0.591596	0.020644423	0.25012252
DRB1*03:01	0.0	0.0	0.27951616	0.27903825
DRB1*03:01	0.0	0.0	0.18101454	0.27791327
DRB1*03:01	0.0	0.0	0.04182267	0.24815772
DRB1*03:01	0.0	0.3938695	0.06780674	0.25055367
DRB1*03:01	0.0	0.28294894	0.08705015	0.23002794
DRB1*03:01	0.0	0.61562216	0.027416294	0.24695066
DRB1*03:01	0.0	0.6953878	0.07670537	0.24799642
DRB1*03:01	0.0	0.0	0.07971684	0.26145834
DRB1*03:01	0.0	0.0	0.19642577	0.2463122
DRB1*03:01	0.0	0.2038526	0.18021703	0.28009212
DRB1*03:01	0.0	0.2584668	0.008047864	0.254961
DRB1*03:01	0.0	0.45295608	0.10601414	0.23228206
DRB1*03:01	0.0	0.084686644	0.55175525	0.41259843
DRB1*03:01	0.0	0.2934753	0.023003	0.23801339
DRB1*03:01	0.0	0.2355159	0.29541883	0.31626284
DRB1*03:01	1.0	0.8078111	0.73844767	0.49493256
DRB1*03:01	0.0	0.48121598	0.24954645	0.26254117
DRB1*03:01	0.0	0.50066656	0.16378428	0.2484211
DRB1*03:01	0.0	0.37669155	0.07935689	0.24469072
DRB1*03:01	0.0	0.77837855	0.41961387	0.35888
DRB1*03:01	0.0	0.0	0.1268691	0.24166289
DRB1*03:01	0.0	0.084686644	0.005178253	0.25733203
DRB1*03:01	0.0	0.51902837	0.012105397	0.25061503
DRB1*03:01	0.0	0.5387676	0.12198926	0.24873573
DRB1*03:01	0.0	0.74971294	0.020961737	0.24096102
DRB1*03:01	0.0	0.6545521	0.027177393	0.2346304
DRB1*03:01	0.0	0.0	0.14052999	0.31819987
DRB1*03:01	0.0	0.4766103	0.112923816	0.24917221
DRB1*03:01	0.0	0.0	0.24076074	0.28932136
DRB1*03:01	0.0	0.084686644	0.013508649	0.2366965
DRB1*03:01	0.0	0.1852541	0.031598076	0.24218881
DRB1*03:01	0.0	0.0	0.016192894	0.25109053
DRB1*03:01	0.0	0.0	0.19362012	0.250756
DRB1*03:01	0.0	0.28342393	0.12735581	0.25415653
DRB1*03:01	0.0	0.5375186	0.03645247	0.23595643
DRB1*03:01	0.0	0.5036277	0.46532214	0.3859077
DRB1*03:01	0.0	0.36896774	0.018263282	0.24844705
DRB1*03:01	0.0	0.5480176	0.13000663	0.24802361
DRB1*03:01	0.0	0.0	0.09419412	0.25153643
DRB1*03:01	0.0	0.28591767	0.0054116356	0.24095744
DRB1*03:01	0.0	0.55012625	0.022226444	0.24659142
DRB1*03:01	0.0	0.0	0.23375176	0.30402264
DRB1*03:01	0.0	0.34005553	0.11927542	0.25786075
DRB1*03:01	0.0	0.27428734	0.0018093531	0.2447901
DRB1*03:01	0.0	0.25528103	0.10798051	0.24818626
DRB1*03:01	0.0	0.08797943	0.16476722	0.26432315
DRB1*03:01	0.0	0.0	0.008613992	0.2403917
DRB1*03:01	0.0	0.47040507	0.30357486	0.29415315
DRB1*03:01	0.0	0.4942345	0.00019914078	0.26224503
DRB1*03:01	0.0	0.7703366	0.0052439854	0.24589555
DRB1*03:01	0.0	0.0	0.12385219	0.25929245
DRB1*03:01	0.0	0.6662669	0.0053771236	0.25630748
DRB1*03:01	0.0	0.0	0.00074960146	0.24021718
DRB1*03:01	1.0	0.87187403	0.9114322	0.6743239
DRB1*03:01	0.0	0.0	0.37092787	0.3418335
DRB1*03:01	0.0	0.54003364	0.29799032	0.29108208
DRB1*03:01	0.0	0.4410817	0.12345565	0.25136724
DRB1*03:01	0.0	0.041884948	0.19597693	0.2584965
DRB1*03:01	0.0	0.49619684	0.23852545	0.28051904
DRB1*03:01	0.0	0.0	0.15061694	0.24651547
DRB1*03:01	0.0	0.4325314	0.024174174	0.24782175
DRB1*03:01	0.0	0.6614014	0.488717	0.37346527
DRB1*03:01	0.0	0.7560895	0.9220973	0.6827055
DRB1*03:01	0.0	0.49307677	0.0046110735	0.2398771
DRB1*03:01	0.0	0.32539085	0.0031221851	0.24872604
DRB1*03:01	0.0	0.084686644	0.3177071	0.34311572
DRB1*03:01	0.0	0.55829746	0.3021649	0.3127023
DRB1*03:01	0.0	0.0	0.14506124	0.34405392
DRB1*03:01	0.0	0.12799296	0.09734784	0.24747322
DRB1*03:01	0.0	0.31176177	0.15382934	0.33671722
DRB1*03:01	0.0	0.0	0.3626051	0.37257746
DRB1*03:01	0.0	0.5058025	0.24510922	0.266848
DRB1*03:01	0.0	0.4178981	0.27393726	0.2825867
DRB1*03:01	0.0	0.02062367	0.014293566	0.23910484
DRB1*03:01	0.0	0.0	0.0032680815	0.23396066
DRB1*03:01	0.0	0.019978961	0.15429345	0.26056373
DRB1*03:01	0.0	0.6127781	0.010261417	0.23228148
DRB1*03:01	0.0	0.054617725	0.014231367	0.24262714
DRB1*03:01	0.0	0.0	0.043047592	0.24192825
DRB1*03:01	0.0	0.51312697	0.0017157461	0.25761196
DRB1*03:01	0.0	0.71020716	0.23100965	0.32038087
DRB1*03:01	0.0	0.0	0.14014685	0.23383518
DRB1*03:01	0.0	0.2740002	0.35018146	0.31176865
DRB1*03:01	0.0	0.738145	0.27006218	0.27172473
DRB1*03:01	0.0	0.2109099	0.6134494	0.44372863
DRB1*03:01	0.0	0.084686644	0.18286146	0.2563354
DRB1*03:01	0.0	0.2511599	0.5314551	0.4161046
DRB1*03:01	0.0	0.0	0.39205173	0.31467694
DRB1*03:01	0.0	0.35275334	0.03979097	0.25363305
DRB1*03:01	0.0	0.4874962	0.25426498	0.29113665
DRB1*03:01	0.0	0.39077553	0.20222817	0.30520794
DRB1*03:01	0.0	0.7629388	0.122905195	0.27000314
DRB1*03:01	0.0	0.0020276671	0.07856131	0.23629728
DRB1*03:01	0.0	0.37485918	0.001362716	0.25022444
DRB1*03:01	0.0	0.40426508	0.11442537	0.2521128
DRB1*03:01	0.0	0.084686644	0.00299221	0.23503968
DRB1*03:01	0.0	0.1118934	0.033815194	0.23880962
DRB1*03:01	0.0	0.45911992	0.374818	0.32021576
DRB1*03:01	0.0	0.084686644	0.013458991	0.2527977
DRB1*03:01	0.0	0.084686644	0.0015134759	0.23669025
DRB1*03:01	0.0	0.0	0.046888568	0.24203268
DRB1*03:01	0.0	0.0	0.2170559	0.27362332
DRB1*03:01	0.0	0.46459037	0.060620397	0.23944815
DRB1*03:01	0.0	0.4497814	0.032222595	0.24870595
DRB1*03:01	0.0	0.4766103	0.06003909	0.23574238
DRB1*03:01	0.0	0.0	0.17687806	0.3046863
DRB1*03:01	0.0	0.0	0.21563432	0.257908
DRB1*03:01	0.0	0.32177556	0.009877336	0.23664132
DRB1*03:01	0.0	0.5508399	0.0060199746	0.24553314
DRB1*03:01	0.0	0.0	0.3089102	0.28495154
DRB1*03:01	0.0	0.2523714	0.10846524	0.24080317
DRB1*03:01	0.0	0.39166728	0.009976155	0.25071734
DRB1*03:01	0.0	0.0	0.3434224	0.3075856
DRB1*03:01	0.0	0.3715056	0.63028896	0.453336
DRB1*03:01	0.0	0.64817554	0.1985505	0.30803484
DRB1*03:01	0.0	0.0	0.24671337	0.29654372
DRB1*03:01	0.0	0.6796851	0.13021271	0.25519913
DRB1*03:01	0.0	0.0	0.2805822	0.26461512
DRB1*03:01	0.0	0.45295608	0.19378997	0.26015684
DRB1*03:01	1.0	1.0	0.32831556	0.3390345
DRB1*03:01	0.0	0.0	0.008483434	0.24770203
DRB1*03:01	0.0	0.31290114	0.004098666	0.24453413
DRB1*03:01	0.0	0.028894374	0.08231496	0.23641643
DRB1*03:01	0.0	0.27110732	0.314522	0.2864313
DRB1*03:01	0.0	0.15672767	0.0023889656	0.25012004
DRB1*03:01	0.0	0.19104262	0.558872	0.4167504
DRB1*03:01	0.0	0.084686644	0.096712954	0.23511055
DRB1*03:01	0.0	0.0	0.00073328597	0.24077529
DRB1*03:01	1.0	0.93593705	0.9123141	0.6896498
DRB1*03:01	0.0	0.084686644	0.0047432613	0.22906628
DRB1*03:01	0.0	0.0	0.138814	0.2274348
DRB1*03:01	0.0	0.084686644	0.1530389	0.24572805
DRB1*03:01	0.0	0.5117087	0.54697907	0.40260053
DRB1*03:01	0.0	0.16011389	0.39576527	0.32775584
DRB1*03:01	0.0	0.0	0.0030400658	0.24305643
DRB1*03:01	0.0	0.084686644	0.2709506	0.27512553
DRB1*03:01	0.0	0.0	0.0066870837	0.25155392
DRB1*03:01	0.0	0.0	0.06505366	0.23917325
DRB1*03:01	0.0	0.5010838	0.09814525	0.25292838
DRB1*03:01	0.0	0.0	0.5367683	0.39247027
DRB1*03:01	0.0	0.65906143	0.103917524	0.25259098
DRB1*03:01	0.0	0.41254732	0.00042276975	0.23731545
DRB1*03:01	0.0	0.0	0.10263539	0.2713243
DRB1*03:01	0.0	0.0	0.09232867	0.23916584
DRB1*03:01	0.0	0.43454504	0.3356181	0.3001453
DRB1*03:01	0.0	0.0	0.0678663	0.24317132
DRB1*03:01	0.0	0.26306254	0.041587356	0.23553132
DRB1*03:01	0.0	0.0	0.044291917	0.23880282
DRB1*03:01	0.0	0.21294208	0.1564782	0.24365614
DRB1*03:01	0.0	0.0	0.072355516	0.2351473
DRB1*03:01	0.0	0.14326835	0.1608854	0.31717834
DRB1*03:01	0.0	0.0	0.15631433	0.31816205
DRB1*03:01	0.0	0.5606573	0.23860447	0.2966423
DRB1*03:01	0.0	0.4795446	0.19900388	0.32127425
DRB1*03:01	0.0	0.43618816	0.0034979375	0.24170113
DRB1*03:01	0.0	0.40397212	0.0569976	0.24918976
DRB1*03:01	0.0	0.0	0.06321828	0.22825569
DRB1*03:01	0.0	0.5830913	0.004724549	0.24033803
DRB1*03:01	0.0	0.380469	0.3001504	0.28289425
DRB1*03:01	1.0	0.8984626	0.76341826	0.5287187
DRB1*03:01	0.0	0.0	0.008088242	0.23944673
DRB1*03:01	0.0	0.6461442	0.56688035	0.38267162
DRB1*03:01	0.0	0.33396256	0.024791801	0.2412812
DRB1*03:01	0.0	0.084686644	0.11844181	0.26078644
DRB1*03:01	0.0	0.35300574	0.025637602	0.23093125
DRB1*03:01	0.0	0.18480249	0.12830341	0.2772529
DRB1*03:01	0.0	0.74971294	0.2958937	0.29365385
DRB1*03:01	0.0	0.0	0.06929936	0.23013653
DRB1*03:01	0.0	0.68565	0.12468943	0.23319882
DRB1*03:01	0.0	0.3781177	0.015001891	0.2393709
DRB1*03:01	0.0	0.5058025	0.09446414	0.24964657
DRB1*03:01	0.0	0.40295407	0.48565933	0.36331707
DRB1*03:01	1.0	0.82989025	0.035221692	0.249479
DRB1*03:01	0.0	0.084686644	0.02351234	0.24389055
DRB1*03:01	0.0	0.42824996	0.48010233	0.38664395
DRB1*03:01	0.0	0.0	0.056691132	0.23234747
DRB1*03:01	0.0	0.4230729	0.051724	0.24367617
DRB1*03:01	0.0	0.5332755	0.82798004	0.6017864
DRB1*03:01	0.0	0.45295608	0.02256388	0.23703957
DRB1*03:01	0.0	0.39492425	0.009917138	0.24520436
DRB1*03:01	0.0	0.20585376	0.0016708616	0.23866265
DRB1*03:01	0.0	0.092217416	0.025763826	0.23325805
DRB1*03:01	0.0	0.4331309	0.037526485	0.24136242
DRB1*03:01	0.0	0.0	0.027757565	0.24434724
DRB1*03:01	0.0	0.7703366	0.9293432	0.71157897
DRB1*03:01	0.0	0.4766103	0.123413965	0.28175318
DRB1*03:01	0.0	0.65237737	0.13042605	0.2834175
DRB1*03:01	0.0	0.5242514	0.28730363	0.31980053
DRB1*03:01	0.0	0.41614658	0.25127748	0.2606285
DRB1*03:01	0.0	0.5639006	0.015070137	0.24406645
DRB1*03:01	0.0	0.74971294	0.65732056	0.47588632
DRB1*03:01	1.0	1.0	0.7867695	0.54629123
DRB1*03:01	0.0	0.0	0.39270106	0.38077697
DRB1*03:01	0.0	0.6200593	0.6453471	0.45836902
DRB1*03:01	0.0	0.5175173	0.12537575	0.24210653
DRB1*03:01	0.0	0.340717	0.026510008	0.23774014
DRB1*03:01	0.0	0.39218074	0.1399849	0.25275943
DRB1*03:01	0.0	0.2595945	0.056086008	0.24053933
DRB1*03:01	0.0	0.16542679	0.11956454	0.24554117
DRB1*03:01	0.0	0.610019	0.021390252	0.23576191
DRB1*03:01	0.0	0.29749924	0.695787	0.48853567
DRB1*03:01	0.0	0.54663813	0.6082938	0.42383665
DRB1*03:01	0.0	0.31623608	0.61883307	0.44786167
DRB1*03:01	0.0	0.6687992	0.057430558	0.2642693
DRB1*03:01	0.0	0.2843011	0.033094812	0.23701712
DRB1*03:01	0.0	0.7871874	0.35704193	0.30803904
DRB1*03:01	0.0	0.0	0.16380821	0.24434854
DRB1*03:01	0.0	0.0	0.018772177	0.23340476
DRB1*03:01	0.0	0.65237737	0.033677984	0.26702854
DRB1*03:01	0.0	0.43454504	0.16603906	0.25759837
DRB1*03:01	0.0	0.69202656	0.21521622	0.26057297
DRB1*03:01	0.0	0.36896774	0.12407213	0.23502035
DRB1*03:01	0.0	0.0	0.15643406	0.2908157
DRB1*03:01	0.0	0.37669155	0.10522344	0.25280395
DRB1*03:01	0.0	0.0	0.5634069	0.38125908
DRB1*03:01	0.0	0.43213388	0.2909856	0.2943791
DRB1*03:01	0.0	0.55675703	0.5959011	0.41809386
DRB1*03:01	0.0	0.0	0.07801618	0.2586924
DRB1*03:01	0.0	0.084686644	0.039605934	0.26684517
DRB1*03:01	0.0	0.084686644	0.24307318	0.322033
DRB1*03:01	0.0	0.0	0.0020905908	0.24322495
DRB1*03:01	0.0	0.7328622	0.07996046	0.24881497
DRB1*03:01	0.0	0.03514809	0.7309288	0.53054774
DRB1*03:01	0.0	0.0	0.12169639	0.26419127
DRB1*03:01	0.0	0.15268634	0.29958758	0.26847234
DRB1*03:01	0.0	0.0	0.17610575	0.28092542
DRB1*03:01	0.0	0.029025866	0.2325733	0.3031913
DRB1*03:01	0.0	0.0	0.1034904	0.24125044
DRB1*03:01	0.0	0.5791155	0.06356038	0.24441895
DRB1*03:01	0.0	0.0	0.18344948	0.2583475
DRB1*03:01	0.0	0.58009356	0.28207323	0.30235356
DRB1*03:01	0.0	0.017310327	0.0060737617	0.23573488
DRB1*03:01	0.0	0.0	0.04092718	0.22697034
DRB1*03:01	0.0	0.4013766	0.03064823	0.23667121
DRB1*03:01	0.0	0.21120009	0.1686915	0.31371796
DRB1*03:01	0.0	0.48326233	0.01685362	0.23922074
DRB1*03:01	0.0	0.49659437	0.021794062	0.24338582
DRB1*03:01	0.0	0.5606573	0.24501082	0.26935095
DRB1*03:01	0.0	0.0	0.21385135	0.23960125
DRB1*03:01	0.0	0.0	0.12371975	0.23431103
DRB1*03:01	1.0	0.85125035	0.2768094	0.3288753
DRB1*03:01	0.0	0.7703366	0.72461486	0.5083223
DRB1*03:01	0.0	0.4069442	0.0448501	0.24299088
DRB1*03:01	0.0	0.0	0.074339464	0.267644
DRB1*03:01	0.0	0.0	0.04866274	0.2579048
DRB1*03:01	0.0	0.29749924	0.07120391	0.24400082
DRB1*03:01	1.0	0.82420087	0.25581887	0.2650059
DRB1*03:01	0.0	0.0	0.10199686	0.23465553
DRB1*03:01	0.0	0.084686644	0.0038007426	0.2365334
DRB1*03:01	0.0	0.0	0.000797423	0.24918506
DRB1*03:01	0.0	0.0	0.0011845569	0.23048855
DRB1*03:01	0.0	0.71020716	0.18117052	0.24539429
DRB1*03:01	0.0	0.35325885	0.015183401	0.24969202
DRB1*03:01	0.0	0.43536296	0.028779775	0.24258503
DRB1*03:01	0.0	0.084686644	0.22000302	0.25561282
DRB1*03:01	0.0	0.0	0.030311434	0.24075213
DRB1*03:01	0.0	0.0	0.36624718	0.31684172
DRB1*03:01	0.0	0.2203584	0.021064581	0.2513192
DRB1*03:01	0.0	0.21660475	0.19092034	0.2559169
DRB1*03:01	0.0	0.7328622	0.007621401	0.246652
DRB1*03:01	0.0	0.30601284	0.004551622	0.2356082
DRB1*03:01	0.0	0.0	0.0065671415	0.24317333
DRB1*03:01	0.0	0.3715056	0.30546206	0.34012493
DRB1*03:01	0.0	0.0	0.3123309	0.26868692
DRB1*03:01	0.0	0.0	0.20736587	0.31669077
DRB1*03:01	0.0	0.0	0.17488666	0.33790305
DRB1*03:01	0.0	0.32532838	0.05982726	0.24313727
DRB1*03:01	0.0	0.3165195	0.0061067473	0.24707252
DRB1*03:01	0.0	0.46515563	0.013537191	0.24475522
DRB1*03:01	0.0	0.0	0.12957181	0.24699144
DRB1*03:01	0.0	0.0	0.16810298	0.23512286
DRB1*03:01	0.0	0.7629388	0.7382493	0.51455224
DRB1*03:01	0.0	0.0	0.12463518	0.2355713
DRB1*03:01	0.0	0.109923415	0.6761071	0.47105402
DRB1*03:01	1.0	0.8201525	0.039971717	0.2408634
DRB1*03:01	0.0	0.61707765	0.0943081	0.22967716
DRB1*03:01	0.0	0.29749924	0.280528	0.25921243
DRB1*03:01	1.0	1.0	0.8339107	0.55439043
DRB1*03:01	0.0	0.60866976	0.11420128	0.24708517
DRB1*03:01	0.0	0.0	0.3729498	0.3100765
DRB1*03:01	0.0	0.38405308	0.124368906	0.24572986
DRB1*03:01	0.0	0.28235862	0.056367368	0.23860319
DRB1*03:01	0.0	0.12450104	0.00046365432	0.24982937
DRB1*03:01	0.0	0.31149253	0.10896809	0.24847426
DRB1*03:01	0.0	0.084686644	0.017819172	0.2339573
DRB1*03:01	0.0	0.37625712	0.029531848	0.2428512
DRB1*03:01	0.0	0.5508399	0.061174754	0.2485907
DRB1*03:01	0.0	0.2612654	0.0019348006	0.23860216
DRB1*03:01	0.0	0.6384378	0.22412317	0.25935778
DRB1*03:01	1.0	0.8476255	0.0035100502	0.25232333
DRB1*03:01	0.0	0.0	0.07859491	0.25296462
DRB1*03:01	0.0	0.35714093	0.007541083	0.25231868
DRB1*03:01	0.0	0.0	0.008734788	0.24297549
DRB1*03:01	0.0	0.28995934	0.011737397	0.2393612
DRB1*03:01	0.0	0.084686644	0.042181827	0.24437767
DRB1*03:01	0.0	0.11133682	0.05123169	0.25093687
DRB1*03:01	0.0	0.32117656	0.00015820947	0.23729347
DRB1*03:01	0.0	0.017882776	0.25236055	0.28020787
DRB1*03:01	0.0	0.64221066	0.12316499	0.2695423
DRB1*03:01	0.0	0.5226533	0.032961003	0.24273357
DRB1*03:01	0.0	0.19180524	0.00052951986	0.254079
DRB1*03:01	0.0	0.0	0.000695762	0.26208836
DRB1*03:01	0.0	0.40514952	0.047860466	0.24126315
DRB1*03:01	0.0	0.20432355	0.06063453	0.24459842
DRB1*03:01	0.0	0.29749924	0.15627334	0.2922302
DRB1*03:01	0.0	0.0	0.012022039	0.23812364
DRB1*03:01	0.0	0.3859588	0.108658105	0.2537665
DRB1*03:01	0.0	0.502347	0.09102023	0.24427328
DRB1*03:01	0.0	0.0	0.009526246	0.23361467
DRB1*03:01	0.0	0.19215935	0.5055431	0.38577056
DRB1*03:01	0.0	0.084686644	0.0054290514	0.2298519
DRB1*03:01	0.0	0.5753037	0.18038242	0.24631181
DRB1*03:01	0.0	0.02062367	0.32322824	0.31335798
DRB1*03:01	1.0	0.8476255	0.3243486	0.29959053
DRB1*03:01	0.0	0.0	0.16124927	0.23198605
DRB1*03:01	0.0	0.2783663	0.28399774	0.29552525
DRB1*03:01	0.0	0.067183524	0.007177412	0.24149963
DRB1*03:01	0.0	0.0	0.08774238	0.24786106
DRB1*03:01	0.0	0.0	0.08040539	0.25203067
DRB1*03:01	0.0	0.0	0.006512203	0.2409639
DRB1*03:01	0.0	0.6768411	0.11308001	0.25305533
DRB1*03:01	0.0	0.24420671	0.004765171	0.24987969
DRB1*03:01	0.0	0.37464598	0.17689356	0.28705457
DRB1*03:01	0.0	0.09253883	0.19096208	0.25909224
DRB1*03:01	0.0	0.738145	0.44472483	0.3728755
DRB1*03:01	0.0	0.084686644	0.09992018	0.23860848
DRB1*03:01	1.0	1.0	0.026594855	0.23727086
DRB1*03:01	0.0	0.74971294	0.050934955	0.23782146
DRB1*03:01	0.0	0.084686644	0.65838754	0.4672372
DRB1*03:01	0.0	0.084686644	0.34506205	0.28145164
DRB1*03:01	0.0	0.2858769	0.75062096	0.54636574
DRB1*03:01	0.0	0.61138827	0.2362221	0.26248682
DRB1*03:01	0.0	0.0	0.01657551	0.23652506
DRB1*03:01	1.0	0.86098814	0.05095349	0.24623343
DRB1*03:01	0.0	0.0	0.0008040725	0.2354436
DRB1*03:01	0.0	0.14056459	0.031911425	0.2351933
DRB1*03:01	0.0	0.0	0.63323385	0.4457279
DRB1*03:01	0.0	0.4805438	0.0048857513	0.23749134
DRB1*03:01	0.0	0.28084123	0.018670144	0.23344326
DRB1*03:01	0.0	0.0	0.0071197497	0.24775922
DRB1*03:01	0.0	0.0	0.03221937	0.23782107
DRB1*03:01	0.0	0.35955095	0.44937226	0.36170846
DRB1*03:01	0.0	0.42959085	0.05706484	0.23979911
DRB1*03:01	0.0	0.084686644	0.04946396	0.24485524
DRB1*03:01	0.0	0.0	0.0036845922	0.2486517
DRB1*03:01	0.0	0.49155536	0.28744775	0.29188204
DRB1*03:01	0.0	0.40470624	0.25124398	0.3109045
DRB1*03:01	0.0	0.77837855	0.04057655	0.24379288
DRB1*03:01	0.0	0.68565	0.24818085	0.30537868
DRB1*03:01	0.0	0.0	0.0033312913	0.23352335
DRB1*03:01	0.0	0.12450104	0.031951804	0.23484975
DRB1*03:01	0.0	0.47628996	0.0010323938	0.24889491
DRB1*03:01	0.0	0.0	0.021102402	0.25190872
DRB1*03:01	0.0	0.5303597	0.2531325	0.2721022
DRB1*03:01	0.0	0.7437481	0.1079993	0.2323926
DRB1*03:01	0.0	0.0	0.04218356	0.24463016
DRB1*03:01	0.0	0.5725446	0.14682223	0.28475165
DRB1*03:01	0.0	0.58618957	0.038901802	0.24229604
DRB1*03:01	0.0	0.0	0.13055708	0.25278053
DRB1*03:01	0.0	0.12244109	0.23038459	0.28676856
DRB1*03:01	0.0	0.6366076	0.35357684	0.3422171
DRB1*03:01	0.0	0.41668198	0.3541617	0.2866302
DRB1*03:01	0.0	0.0	0.088933624	0.23262097
DRB1*03:01	0.0	0.17684141	0.04337913	0.23777485
DRB1*03:01	0.0	0.26017898	0.05974318	0.23841235
DRB1*03:01	0.0	0.0	0.12106162	0.26152092
DRB1*03:01	0.0	0.13205302	0.021891316	0.23538798
DRB1*03:01	0.0	0.02062367	0.7892867	0.49431735
DRB1*03:01	0.0	0.054617725	0.0183761	0.24645424
DRB1*03:01	0.0	0.06281084	0.6061781	0.4307158
DRB1*03:01	0.0	0.464309	0.1556665	0.24526767
DRB1*03:01	0.0	0.050994743	0.24511853	0.33991554
DRB1*03:01	0.0	0.0	0.069577344	0.2347386
DRB1*03:01	0.0	0.10818503	0.10352761	0.25512442
DRB1*03:01	0.0	0.28279117	0.63614184	0.45331112
DRB1*03:01	0.0	0.598531	0.009319826	0.24649644
DRB1*03:01	0.0	0.5606573	0.2945045	0.27187055
DRB1*03:01	0.0	0.0	0.036455322	0.23093809
DRB1*03:01	0.0	0.0	0.07104706	0.24582726
DRB1*03:01	0.0	0.38939136	0.010867782	0.24381617
DRB1*03:01	0.0	0.42882225	0.14949666	0.30845362
DRB1*03:01	0.0	0.026588537	0.0760907	0.24573298
DRB1*03:01	1.0	0.87187403	0.23219012	0.25130287
DRB1*03:01	0.0	0.084686644	0.009786602	0.24137145
DRB1*03:01	0.0	0.6231404	0.5785221	0.42639962
DRB1*03:01	0.0	0.56307906	0.17727196	0.25085333
DRB1*03:01	0.0	0.0	0.087909184	0.23800834
DRB1*03:01	1.0	0.87187403	0.89328766	0.63627136
DRB1*03:01	0.0	0.46487257	0.0031411885	0.24250211
DRB1*03:01	0.0	0.5614576	0.5737835	0.45126164
DRB1*03:01	0.0	0.2677647	0.059020832	0.24724859
DRB1*03:01	0.0	0.6545521	0.010870345	0.2553618
DRB1*03:01	0.0	0.12948903	0.06286896	0.33418122
DRB1*03:01	0.0	0.0	0.06600336	0.24982886
DRB1*03:01	0.0	0.45026276	0.32092288	0.27798367
DRB1*03:01	0.0	0.52642614	0.026234299	0.24473026
DRB1*03:01	0.0	0.0	0.08633109	0.24406281
DRB1*03:01	0.0	0.05265516	0.4069001	0.31224853
DRB1*03:01	0.0	0.27324557	0.30758098	0.3017767
DRB1*03:01	0.0	0.14874962	0.099821046	0.24444126
DRB1*03:01	0.0	0.0	0.43954447	0.35464668
DRB1*03:01	0.0	0.6060289	0.4634246	0.34077322
DRB1*03:01	0.0	0.0	0.09425225	0.22744425
DRB1*03:01	0.0	0.41158956	0.02437477	0.24369282
DRB1*03:01	0.0	0.248484	0.0051800124	0.24762262
DRB1*03:01	0.0	0.38989228	0.034228794	0.2464306
DRB1*03:01	0.0	0.7969252	0.27058068	0.27933073
DRB1*03:01	0.0	0.5185219	0.01458225	0.24143316
DRB1*03:01	1.0	0.8201525	0.38707754	0.3407408
DRB1*03:01	0.0	0.0	0.00637098	0.23631057
DRB1*03:01	0.0	0.050345503	0.24322611	0.29044366
DRB1*03:01	0.0	0.4829181	0.026232665	0.26286864
DRB1*03:01	0.0	0.38393527	0.07842708	0.25427344
DRB1*03:01	0.0	0.59048915	0.8309369	0.6001931
DRB1*03:01	0.0	0.3028255	0.19068852	0.2475879
DRB1*03:01	0.0	0.0	0.050797287	0.25122607
DRB1*03:01	0.0	0.0	0.008901114	0.24247903
DRB1*03:01	0.0	0.21098237	0.05861328	0.23865
DRB1*03:01	1.0	0.82989025	0.06437662	0.2565008
DRB1*03:01	0.0	0.7969252	0.890058	0.6479692
DRB1*03:01	0.0	0.2512159	0.35137945	0.32713765
DRB1*03:01	0.0	0.403389	0.22371359	0.28795654
DRB1*03:01	0.0	0.6545521	0.14093845	0.253434
DRB1*03:01	0.0	0.68261945	0.02522717	0.23670384
DRB1*03:01	0.0	0.15623528	0.21412577	0.30259007
DRB1*03:01	0.0	0.6796851	0.044645764	0.25159532
DRB1*03:01	0.0	0.4205892	0.11753328	0.24837747
DRB1*03:01	0.0	0.084686644	0.0054803556	0.23696817
DRB1*03:01	0.0	0.16475397	0.071689844	0.24673103
DRB1*03:01	0.0	0.48535502	0.031310298	0.23680204
DRB1*03:01	0.0	0.0	0.024194216	0.2360659
DRB1*03:01	0.0	0.084686644	0.06548228	0.24489403
DRB1*03:01	0.0	0.084686644	0.055945024	0.23614725
DRB1*03:01	0.0	0.4457879	0.022797935	0.23787767
DRB1*03:01	0.0	0.30112785	0.030785441	0.24389134
DRB1*03:01	0.0	0.033494737	0.18303247	0.26909465
DRB1*03:01	0.0	0.0	0.14882486	0.24173926
DRB1*03:01	0.0	0.2844615	0.16670817	0.24864206
DRB1*03:01	0.0	0.118974894	0.84016067	0.5891175
DRB1*03:01	0.0	0.029518086	0.084641166	0.2426781
DRB1*03:01	0.0	0.0	0.03664745	0.23642465
DRB1*03:01	0.0	0.08155181	0.040816497	0.23985939
DRB1*03:01	0.0	0.20664577	0.2863746	0.28789663
DRB1*03:01	0.0	0.0	0.17608929	0.2521754
DRB1*03:01	0.0	0.62158704	0.30256435	0.29049352
DRB1*03:01	0.0	0.0	0.056806915	0.22869542
DRB1*03:01	0.0	0.5997392	0.41339633	0.38001376
DRB1*03:01	0.0	0.0	0.02796285	0.23953779
DRB1*03:01	0.0	0.6662669	0.042892747	0.25382352
DRB1*03:01	0.0	0.47565255	0.37956354	0.35618535
DRB1*03:01	0.0	0.02062367	0.39245	0.30630314
DRB1*03:01	0.0	0.45420676	0.013055035	0.23425466
DRB1*03:01	0.0	0.04738489	0.121260844	0.2930445
DRB1*03:01	0.0	0.3674778	0.010894109	0.24606156
DRB1*03:01	0.0	0.02062367	0.01133792	0.2408482
DRB1*03:01	0.0	0.0	0.19174531	0.25431937
DRB1*03:01	0.0	0.0	0.0115911	0.24280193
DRB1*03:01	0.0	0.4158135	0.00017680717	0.25200692
DRB1*03:01	0.0	0.13349923	0.021502081	0.23401184
DRB1*03:01	0.0	0.084686644	0.19213784	0.25636697
DRB1*03:01	1.0	0.8630652	0.1347322	0.24531685
DRB1*03:01	0.0	0.31058303	0.003168656	0.24069522
DRB1*03:01	0.0	0.016114322	0.7544308	0.5348464
DRB1*03:01	0.0	0.37734705	0.4146676	0.36478212
DRB1*03:01	0.0	0.3421292	0.052905943	0.23967002
DRB1*03:01	0.0	0.11384292	0.43143055	0.31909162
DRB1*03:01	0.0	0.3549641	0.014534883	0.24043901
DRB1*03:01	0.0	0.084686644	0.042418208	0.23257096
DRB1*03:01	0.0	0.1076325	0.33214882	0.2994787
DRB1*03:01	0.0	0.0	0.068524785	0.24053681
DRB1*03:01	0.0	0.24418075	0.16884407	0.33139294
DRB1*03:01	0.0	0.0	0.11165264	0.24810305
DRB1*03:01	0.0	0.0	0.013715113	0.23655449
DRB1*03:01	0.0	0.084686644	0.049095716	0.24142218
DRB1*03:01	0.0	0.0	0.06998455	0.24169546
DRB1*03:01	0.0	0.74971294	0.68680346	0.47397313
DRB1*03:01	0.0	0.20986557	0.01092834	0.24107762
DRB1*03:01	0.0	0.0	0.19259527	0.32945848
DRB1*03:01	1.0	0.9689021	0.33457425	0.30259055
DRB1*03:01	0.0	0.084686644	0.11203452	0.22524026
DRB1*03:01	0.0	0.0	0.07514152	0.24226457
DRB1*03:01	0.0	0.0	0.14301543	0.23732731
DRB1*03:01	0.0	0.0	0.26105854	0.26079574
DRB1*03:01	0.0	0.0	0.55637175	0.38739
DRB1*03:01	0.0	0.59271634	0.66657734	0.45671463
DRB1*03:01	0.0	0.55907744	0.22787051	0.28269106
DRB1*03:01	0.0	0.0	0.055669617	0.23961756
DRB1*03:01	0.0	0.2429945	0.002887477	0.2375221
DRB1*03:01	0.0	0.13082682	0.62016726	0.42548662
DRB1*03:01	0.0	0.0	0.17453001	0.24223071
DRB1*03:01	0.0	0.31835425	0.20394161	0.2553277
DRB1*03:01	0.0	0.32396463	0.10838595	0.25383282
DRB1*03:01	0.0	0.066024534	0.119658306	0.2394868
DRB1*03:01	0.0	0.084686644	0.032405615	0.23486803
DRB1*03:01	0.0	0.0	0.1742798	0.2631424
DRB1*03:01	0.0	0.6953878	0.6766272	0.488363
DRB1*03:01	0.0	0.0	0.3428711	0.3355202
DRB1*03:01	0.0	0.0	0.028432582	0.23772278
DRB1*03:01	0.0	0.0063105584	0.097926624	0.23968783
DRB1*03:01	0.0	0.095519416	0.41464072	0.3653298
DRB1*03:01	0.0	0.7871874	0.09495093	0.24375796
DRB1*03:01	0.0	0.3579373	0.20778617	0.2695131
DRB1*03:01	0.0	0.13403365	0.9013694	0.6479454
DRB1*03:01	0.0	0.5356762	0.13538656	0.2568173
DRB1*03:01	0.0	0.0	0.056007136	0.2541268
DRB1*03:01	0.0	0.0	0.15617971	0.25847715
DRB1*03:01	0.0	0.31993118	0.019549085	0.24227642
DRB1*03:01	0.0	0.71020716	0.23425509	0.25884157
DRB1*03:01	0.0	0.45806366	0.13421923	0.2382366
DRB1*03:01	0.0	0.69202656	0.003267611	0.24898443
DRB1*03:01	0.0	0.13994074	0.16597249	0.29516923
DRB1*03:01	0.0	0.45754	0.44774193	0.3844989
DRB1*03:01	0.0	0.0	0.082063496	0.23074175
DRB1*03:01	0.0	0.23048028	0.35950002	0.36290157
DRB1*03:01	0.0	0.34502006	0.06792701	0.2367259
DRB1*03:01	0.0	0.5791155	0.041344415	0.24450348
DRB1*03:01	0.0	0.50192404	0.09084104	0.24811392
DRB1*03:01	0.0	0.59271634	0.0024128454	0.24884504
DRB1*03:01	0.0	0.0	0.04209458	0.23678613
DRB1*03:01	0.0	0.48535502	0.73363465	0.49664927
DRB1*03:01	0.0	0.084686644	0.006865575	0.22733492
DRB1*03:01	0.0	0.4942345	0.06467106	0.2296955
DRB1*03:01	0.0	0.0	0.10847825	0.266239
DRB1*03:01	0.0	0.5480176	0.3815538	0.31119746
DRB1*03:01	0.0	0.18405466	0.12170582	0.27437615
DRB1*03:01	0.0	0.33590257	0.10259596	0.29151613
DRB1*03:01	0.0	0.0	0.022973223	0.22915848
DRB1*03:01	0.0	0.0	0.013489897	0.23534328
DRB1*03:01	0.0	0.0	0.08351146	0.23759548
DRB1*03:01	0.0	0.51505256	0.012666626	0.2381919
DRB1*03:01	0.0	0.084686644	0.054593947	0.24361104
DRB1*03:01	0.0	0.084686644	0.009250481	0.25182962
DRB1*03:01	0.0	0.0	0.10610953	0.2463854
DRB1*03:01	0.0	0.0	0.53182316	0.396042
DRB1*03:01	0.0	0.0	0.06814054	0.22938257
DRB1*03:01	0.0	0.0	0.022360513	0.24782006
DRB1*03:01	0.0	0.0	0.03395492	0.24171245
DRB1*03:01	0.0	0.0	0.062269766	0.2348065
DRB1*03:01	0.0	0.0	0.016615741	0.23969316
DRB1*03:01	1.0	0.93593705	0.8453799	0.6064015
DRB1*03:01	0.0	0.6461442	0.2586902	0.2535953
DRB1*03:01	0.0	0.30331635	0.03195137	0.23112051
DRB1*03:01	0.0	0.084686644	0.12563173	0.25844538
DRB1*03:01	0.0	0.576242	0.006046539	0.25374162
DRB1*03:01	1.0	1.0	0.35581818	0.30668473
DRB1*03:01	0.0	0.45965263	0.11272268	0.24595156
DRB1*03:01	0.0	0.36767507	0.14967373	0.2479299
DRB1*03:01	0.0	0.7437481	0.70134264	0.47373143
DRB1*03:01	0.0	0.0	0.09992867	0.22997946
DRB1*03:01	0.0	0.0	0.107828304	0.24807781
DRB1*03:01	0.0	0.64817554	0.08585409	0.23854244
DRB1*03:01	0.0	0.0	0.12206189	0.27388355
DRB1*03:01	0.0	0.6687992	0.102130085	0.25751454
DRB1*03:01	0.0	0.6441565	0.81438243	0.55592704
DRB1*03:01	0.0	0.0	0.28100422	0.26884517
DRB1*03:01	0.0	0.29749924	0.20291157	0.26538688
DRB1*03:01	0.0	0.0	0.20696284	0.26124948
DRB1*03:01	0.0	0.46347007	0.14297223	0.24472418
DRB1*03:01	0.0	0.1778489	0.14713319	0.25136998
DRB1*03:01	0.0	0.30530617	0.016446047	0.2374485
DRB1*03:01	0.0	0.40426508	0.00038205384	0.25707674
DRB1*03:01	0.0	0.46832806	0.7433688	0.47197142
DRB1*03:01	0.0	0.20356783	0.089311466	0.25110254
DRB1*03:01	1.0	1.0	0.47327867	0.3782801
DRB1*03:01	0.0	0.0	0.25785103	0.25446656
DRB1*03:01	0.0	0.6141892	0.010053631	0.24582571
DRB1*03:01	0.0	0.3851202	0.002238591	0.24324918
DRB1*03:01	0.0	0.640305	0.4738441	0.3804685
DRB1*03:01	0.0	0.084686644	0.088898025	0.27222908
DRB1*03:01	0.0	0.0	0.61481273	0.4278301
DRB1*03:01	0.0	0.0	0.13801251	0.28217816
DRB1*03:01	0.0	0.5002512	0.19802417	0.29657423
DRB1*03:01	0.0	0.084686644	0.08461332	0.2336507
DRB1*03:01	0.0	0.49619684	0.06775206	0.25042516
DRB1*03:01	0.0	0.38346553	0.1443028	0.2545998
DRB1*03:01	0.0	0.08756851	0.73212105	0.4741396
DRB1*03:01	0.0	0.0	0.15041384	0.24461937
DRB1*03:01	0.0	0.40739837	0.043874353	0.24195719
DRB1*03:01	0.0	0.33731362	0.01850077	0.2478421
DRB1*03:01	0.0	0.4942345	0.0018267687	0.24015605
DRB1*03:01	0.0	0.5707499	0.059538834	0.24305515
DRB1*03:01	0.0	0.0	0.055725615	0.23236051
DRB1*03:01	0.0	0.0010858584	0.10358657	0.24162953
DRB1*03:01	0.0	0.0	0.0066286046	0.2370981
DRB1*03:01	0.0	0.084686644	0.33017728	0.31889713
DRB1*03:01	0.0	0.0	0.091636464	0.23572668
DRB1*03:01	0.0	0.5375186	0.8362366	0.58083355
DRB1*03:01	0.0	0.0	0.12435951	0.2633235
DRB1*03:01	0.0	0.2032834	0.13394152	0.26541096
DRB1*03:01	0.0	0.47222328	0.15067671	0.26221612
DRB1*03:01	0.0	0.58009356	0.07075634	0.24930629
DRB1*03:01	0.0	0.0	0.023253392	0.2275008
DRB1*03:01	0.0	0.0	0.41208822	0.34438688
DRB1*03:01	0.0	0.7278651	0.32567954	0.29580098
DRB1*03:01	0.0	0.29749924	0.26046026	0.27305698
DRB1*03:01	0.0	0.084686644	0.012168618	0.23784086
DRB1*03:01	0.0	0.0	0.15262839	0.24896418
DRB1*03:01	0.0	0.016114322	0.013121957	0.23447801
DRB1*03:01	0.0	0.084686644	0.42397246	0.31486338
DRB1*03:01	0.0	0.0	0.16014008	0.23968802
DRB1*03:01	0.0	0.5439395	0.056095306	0.25472155
DRB1*03:01	0.0	0.0	0.022189815	0.24295425
DRB1*03:01	0.0	0.023926033	0.7369137	0.47355774
DRB1*03:01	0.0	0.0	0.011314308	0.24637184
DRB1*03:01	0.0	0.3071344	0.04961529	0.26254392
DRB1*03:01	0.0	0.0	0.04892552	0.23956916
DRB1*03:01	0.0	0.52587765	0.12578054	0.24905294
DRB1*03:01	0.0	0.02342214	0.08805701	0.23780581
DRB1*03:01	0.0	0.28466237	0.49444678	0.4025684
DRB1*03:01	0.0	0.62796354	0.0042885905	0.24127094
DRB1*03:01	0.0	0.0	0.03567726	0.23750947
DRB1*03:01	0.0	0.0	0.32272297	0.30106756
DRB1*03:01	0.0	0.0	0.38144392	0.32616603
DRB1*03:01	0.0	0.011814787	0.22184154	0.25529984
DRB1*03:01	0.0	0.24546134	0.17662859	0.27021688
DRB1*03:01	0.0	0.31366858	0.25170887	0.29211104
DRB1*03:01	0.0	0.084686644	0.12719332	0.25882933
DRB1*03:01	0.0	0.16250665	0.06383477	0.23518032
DRB1*03:01	0.0	0.02062367	0.300529	0.3330454
DRB1*03:01	0.0	0.49462363	0.25773358	0.31636262
DRB1*03:01	0.0	0.44351694	0.06876077	0.24107528
DRB1*03:01	0.0	0.5606573	0.4033161	0.35102904
DRB1*03:01	0.0	0.70250076	0.49597877	0.40586373
DRB1*03:01	0.0	0.33159348	0.016573938	0.23970191
DRB1*03:01	1.0	0.85125035	0.23391622	0.26850474
DRB1*03:01	0.0	0.4734556	0.03898995	0.24240395
DRB1*03:01	0.0	0.7703366	0.121312246	0.23890397
DRB1*03:01	0.0	0.58108205	0.0005861324	0.24955761
DRB1*03:01	0.0	0.2161437	0.00970568	0.24484372
DRB1*03:01	0.0	0.25726297	0.0046413834	0.2374686
DRB1*03:01	0.0	0.32895827	0.017327257	0.23297678
DRB1*03:01	0.0	0.0	0.072185755	0.24796519
DRB1*03:01	0.0	0.34993988	0.086980976	0.23911619
DRB1*03:01	0.0	0.38334846	0.007960036	0.23592642
DRB1*03:01	1.0	1.0	0.035097573	0.24161288
DRB1*03:01	0.0	0.3119777	0.033738397	0.25240254
DRB1*03:01	0.0	0.07978204	0.25822446	0.33509338
DRB1*03:01	0.0	0.512179	0.20098719	0.24585545
DRB1*03:01	0.0	0.4008096	0.016285878	0.23807368
DRB1*03:01	0.0	0.49231294	0.03706124	0.2393265
DRB1*03:01	0.0	0.084686644	0.05507608	0.25114906
DRB1*03:01	0.0	0.42235643	0.064920746	0.23864467
DRB1*03:01	0.0	0.4654396	0.6460853	0.43323058
DRB1*03:01	0.0	0.6441565	0.37212715	0.33074024
DRB1*03:01	0.0	0.02062367	0.020703845	0.23110631
DRB1*03:01	0.0	0.0	0.15555444	0.2623928
DRB1*03:01	0.0	0.0	0.024450371	0.25150278
DRB1*03:01	1.0	1.0	0.23019518	0.2504484
DRB1*03:01	1.0	0.87187403	0.5118037	0.350546
DRB1*03:01	0.0	0.38523954	0.17387186	0.26609984
DRB1*03:01	0.0	0.0	0.013247732	0.24741426
DRB1*03:01	0.0	0.0	0.11674093	0.23524357
DRB1*03:01	0.0	0.4882211	0.07111919	0.24039462
DRB1*03:01	0.0	0.13739662	0.18030399	0.3047253
DRB1*03:01	0.0	0.0	0.0050252588	0.24523835
DRB1*03:01	0.0	0.7278651	0.6228977	0.44676685
DRB1*03:01	0.0	0.45496538	0.95317626	0.74201787
DRB1*03:01	0.0	0.3105298	0.055026397	0.2325396
DRB1*03:01	0.0	0.40066838	0.0382159	0.2500983
DRB1*03:01	0.0	0.64221066	0.28009814	0.30043015
DRB1*03:01	0.0	0.0	0.012212515	0.24402142
DRB1*03:01	0.0	0.0	0.054750193	0.24067943
DRB1*03:01	0.0	0.6366076	0.11207364	0.26008433
DRB1*03:01	0.0	0.0	0.020227956	0.24404132
DRB1*03:01	0.0	0.6073399	0.09224352	0.24707866
DRB1*03:01	0.0	0.5606573	0.15664151	0.33697498
DRB1*03:01	0.0	0.5689894	0.1587967	0.2635631
DRB1*03:01	0.0	0.61562216	0.64911914	0.43691993
DRB1*03:01	0.0	0.43723017	0.014174178	0.24549249
DRB1*03:01	0.0	0.4234332	0.054181147	0.23384777
DRB1*03:01	0.0	0.674082	0.015250476	0.25234348
DRB1*03:01	0.0	0.30905184	0.24800856	0.31541544
DRB1*03:01	0.0	0.27190962	0.22407351	0.25970307
DRB1*03:01	0.0	0.31691775	0.008494829	0.25833386
DRB1*03:01	0.0	0.284181	0.005640248	0.24475709
DRB1*03:01	0.0	0.31230256	0.13208331	0.25305334
DRB1*03:01	0.0	0.084686644	0.265646	0.3453194
DRB1*03:01	0.0	0.33874658	0.22797024	0.31152263
DRB1*03:01	0.0	0.59271634	0.002391235	0.2453908
DRB1*03:01	0.0	0.37129998	0.13521798	0.24924824
DRB1*03:01	0.0	0.63132477	0.33487695	0.2385094
DRB1*03:01	0.0	0.74971294	0.6831176	0.48809266
DRB1*03:01	0.0	0.084686644	0.006786977	0.23355922
DRB1*03:01	0.0	0.7437481	0.0052448413	0.25646886
DRB1*03:01	0.0	0.4067933	0.0084408205	0.25106528
DRB1*03:01	0.0	0.5771899	0.06393742	0.24277611
DRB1*03:01	0.0	0.19363458	0.1961961	0.24779093
DRB1*03:01	0.0	0.43056068	0.15037207	0.2815506
DRB1*03:01	0.0	0.0	0.082552895	0.23508453
DRB1*03:01	0.0	0.29431975	0.11089443	0.2434932
DRB1*03:01	0.0	0.3550502	0.0826586	0.23455867
DRB1*03:01	0.0	0.72312444	0.060617875	0.23903799
DRB1*03:01	0.0	0.51701903	0.045380563	0.24405524
DRB1*03:01	0.0	0.5356762	0.05210901	0.24488366
DRB1*03:01	0.0	0.0	0.35762176	0.32015845
DRB1*03:01	0.0	0.0	0.70458436	0.49290046
DRB1*03:01	0.0	0.48395464	0.0064922236	0.25331745
DRB1*03:01	0.0	0.3340998	0.22875683	0.2789439
DRB1*03:01	0.0	0.0	0.011336002	0.23558843
DRB1*03:01	0.0	0.0	0.005057078	0.24989444
DRB1*03:01	0.0	0.56556594	0.03104676	0.2509426
DRB1*03:01	0.0	0.054617725	0.037545286	0.24148372
DRB1*03:01	0.0	0.51408476	0.29032817	0.28733236
DRB1*03:01	0.0	0.0	0.009825939	0.24379918
DRB1*03:01	0.0	0.43892217	0.27122647	0.2879147
DRB1*03:01	0.0	0.18630265	0.24763316	0.2735397
DRB1*03:01	0.0	0.0	0.1232504	0.25918728
DRB1*03:01	0.0	0.0	0.019348303	0.24352646
DRB1*03:01	0.0	0.557524	0.10177643	0.2369325
DRB1*03:01	0.0	0.45911992	0.024949973	0.24270341
DRB1*03:01	0.0	0.084686644	0.017481117	0.24316269
DRB1*03:01	0.0	0.6714029	0.04777643	0.240943
DRB1*03:01	0.0	0.6953878	0.27717915	0.3006429
DRB1*03:01	0.0	0.4969936	0.0059697893	0.23613054
DRB1*03:01	0.0	0.0	0.34028125	0.33160627
DRB1*03:01	0.0	0.084686644	0.3288508	0.32795897
DRB1*03:01	0.0	0.0	0.45187357	0.3900654
DRB1*03:01	0.0	0.0	0.0789232	0.23412634
DRB1*03:01	0.0	0.374966	0.008674128	0.26162958
DRB1*03:01	0.0	0.5743748	0.07889755	0.24844432
DRB1*03:01	0.0	0.610019	0.054260742	0.23997232
DRB1*03:01	0.0	0.27735743	0.37140182	0.34150183
DRB1*03:01	0.0	0.59048915	0.8915979	0.61960727
DRB1*03:01	0.0	0.3750729	0.057282783	0.23069145
DRB1*03:01	0.0	0.3102111	0.006888522	0.24617337
DRB1*03:01	0.0	0.0	0.0010018832	0.23530701
DRB1*03:01	0.0	0.5614576	0.18564822	0.26146674
DRB1*03:01	0.0	0.41017127	0.061006766	0.23793398
DRB1*03:01	0.0	0.28873238	0.88377506	0.6051599
DRB1*03:01	0.0	0.36572102	0.15560974	0.26589617
DRB1*03:01	0.0	0.0	0.21506767	0.29056436
DRB1*03:01	0.0	0.084686644	0.20639396	0.2640278
DRB1*03:01	0.0	0.084686644	0.08669858	0.23353498
DRB1*03:01	0.0	0.0	0.013427287	0.2319289
DRB1*03:01	0.0	0.054617725	0.0074795187	0.23891443
DRB1*03:01	0.0	0.084686644	0.27779213	0.3216012
DRB1*03:01	0.0	0.14473452	0.2353847	0.3360236
DRB1*03:01	0.0	0.006508679	0.32583946	0.29526228
DRB1*03:01	0.0	0.34824398	0.053992115	0.253627
DRB1*03:01	0.0	0.45780146	0.18453342	0.26481542
DRB1*03:01	0.0	0.084686644	0.47879636	0.39867455
DRB1*03:01	0.0	0.0	0.16015303	0.24781074
DRB1*03:01	0.0	0.48395464	0.45822632	0.37677893
DRB1*03:01	0.0	0.45496538	0.014068659	0.24574359
DRB1*03:01	1.0	0.8201525	0.051792458	0.2554828
DRB1*03:01	0.0	0.4097033	0.016048774	0.23796427
DRB1*03:01	1.0	0.93593705	0.26108262	0.24750827
DRB1*03:01	0.0	0.69202656	0.7313848	0.5151193
DRB1*03:01	0.0	0.0	0.2111517	0.24595846
DRB1*03:01	0.0	0.02062367	0.0049557136	0.23007114
DRB1*03:01	0.0	0.04825319	0.010490284	0.23784079
DRB1*03:01	0.0	0.0	0.007754953	0.23665817
DRB1*03:01	0.0	0.0	0.012794548	0.23806942
DRB1*03:01	0.0	0.51701903	0.43980807	0.37062466
DRB1*03:01	0.0	0.24317403	0.10114902	0.23248516
DRB1*03:01	0.0	0.0	0.4575065	0.39004666
DRB1*03:01	0.0	0.2283128	0.4155151	0.33899248
DRB1*03:01	0.0	0.0	0.05933415	0.2557658
DRB1*03:01	0.0	0.084686644	0.1701982	0.31597346
DRB1*03:01	0.0	0.0	0.0085170595	0.24682777
DRB1*03:01	0.0	0.43017152	0.24069797	0.24276114
DRB1*03:01	0.0	0.43660355	0.0033837124	0.24600422
DRB1*03:01	0.0	0.0	0.0073716156	0.23957196
DRB1*03:01	0.0	0.5606573	0.28059795	0.32179582
DRB1*03:01	0.0	0.0	0.016053842	0.2513801
DRB1*03:01	0.0	0.20510249	0.12195912	0.26731163
DRB1*03:01	0.0	0.6502526	0.8408549	0.5552931
DRB1*03:01	0.0	0.03414237	0.26461414	0.30191386
DRB1*03:01	0.0	0.7560895	0.25597593	0.2668556
DRB1*03:01	0.0	0.0	0.015612195	0.2258133
DRB1*03:01	0.0	0.5949985	0.77113396	0.50831294
DRB1*03:01	0.0	0.084686644	0.035106495	0.22636402
DRB1*03:01	0.0	0.72312444	0.3133886	0.31256813
DRB1*03:01	0.0	0.3402021	0.29542542	0.3032691
DRB1*03:01	0.0	0.409083	0.76199394	0.5188694
DRB1*03:01	0.0	0.0	0.037561547	0.23910531
DRB1*03:01	0.0	0.58618957	0.43707842	0.36483872
DRB1*03:01	1.0	1.0	0.8101395	0.5756501
DRB1*03:01	0.0	0.69202656	0.2487955	0.24819727
DRB1*03:01	1.0	1.0	0.6483577	0.4705427
DRB1*03:01	0.0	0.0	0.037170228	0.23834237
DRB1*03:01	0.0	0.084686644	0.018742934	0.258268
DRB1*03:01	0.0	0.21237002	0.09617002	0.25674403
DRB1*03:01	0.0	0.0	0.07428515	0.23420689
DRB1*03:01	0.0	0.34079078	0.0048244763	0.24579042
DRB1*03:01	0.0	0.6384378	0.85885036	0.60375834
DRB1*03:01	0.0	0.640305	0.008346159	0.24377862
DRB1*03:01	1.0	0.8078111	0.06541832	0.23449968
DRB1*03:01	0.0	0.4680351	0.13238145	0.24492481
DRB1*03:01	0.0	0.36361822	0.30853558	0.2788511
DRB1*03:01	0.0	0.29749924	0.27200758	0.32373393
DRB1*03:01	0.0	0.0	0.09093291	0.2561636
DRB1*03:01	0.0	0.0	0.00082140934	0.2395671
DRB1*03:01	0.0	0.7629388	0.05066349	0.24373613
DRB1*03:01	0.0	0.084686644	0.0098281205	0.24973024
DRB1*03:01	0.0	0.0	0.19481394	0.29806495
DRB1*03:01	0.0	0.7437481	0.23529327	0.25173452
DRB1*03:01	0.0	0.5841126	0.27783215	0.3019268
DRB1*03:01	0.0	0.5820812	0.816225	0.53760505
DRB1*03:01	0.0	0.35266936	0.13659447	0.2333853
DRB1*03:01	0.0	0.5949985	0.32424387	0.2981724
DRB1*03:01	0.0	0.5247903	0.19819282	0.30135584
DRB1*03:01	0.0	0.5326849	0.0072640157	0.25241396
DRB1*03:01	0.0	0.0	0.20431642	0.32422358
DRB1*03:01	0.0	0.05265516	0.20366421	0.2798401
DRB1*03:01	0.0	0.39666435	0.34986526	0.3326084
DRB1*03:01	0.0	0.4519676	0.9094186	0.65432584
DRB1*03:01	0.0	0.17796293	0.11089017	0.24946713
DRB1*03:01	0.0	0.5639006	0.42143217	0.3587346
DRB1*03:01	0.0	0.7629388	0.03563501	0.23743613
DRB1*03:01	0.0	0.02062367	0.019517295	0.23136757
DRB1*03:01	0.0	0.62472034	0.19157696	0.24171102
DRB1*03:01	0.0	0.7560895	0.6116873	0.39859
DRB1*03:01	0.0	0.4734556	0.37399027	0.32704484
DRB1*03:01	0.0	0.68565	0.461417	0.36698234
DRB1*03:01	0.0	0.40397212	0.052863088	0.23785026
DRB1*03:01	0.0	0.5647295	0.017355306	0.23502657
DRB1*03:01	1.0	1.0	0.7504124	0.5123762
DRB1*03:01	0.0	0.0	0.021929536	0.2267147
DRB1*03:01	0.0	0.43618816	0.5161927	0.37302336
DRB1*03:01	0.0	0.084686644	0.26769948	0.26109332
DRB1*03:01	1.0	0.8630652	0.24739549	0.27884364
DRB1*03:01	0.0	0.28099573	0.024990471	0.25201422
DRB1*03:01	0.0	0.0	0.7289885	0.5086763
DRB1*03:01	0.0	0.42562518	0.046323396	0.255741
DRB1*03:01	0.0	0.054617725	0.047461107	0.2432682
DRB1*03:01	0.0	0.0	0.059095807	0.2455953
DRB1*03:01	0.0	0.0	0.047031764	0.23624468
DRB1*03:01	0.0	0.0	0.07311439	0.24289934
DRB1*03:01	0.0	0.34961444	0.27867132	0.3408535
DRB1*03:01	0.0	0.32551593	0.037075024	0.2571978
DRB1*03:01	0.0	0.16487494	0.09632347	0.24215168
DRB1*03:01	0.0	0.022850743	0.6441065	0.45894656
DRB1*03:01	0.0	0.0	0.026793852	0.24355897
DRB1*03:01	0.0	0.084686644	0.017599178	0.23599346
DRB1*03:01	0.0	0.0	0.17295426	0.24924368
DRB1*03:01	0.0	0.0	0.17145224	0.2387279
DRB1*03:01	0.0	0.0	0.0044179317	0.24604207
DRB1*03:01	0.0	0.29749924	0.010450544	0.25164333
DRB1*03:01	0.0	0.0	0.2365744	0.28594434
DRB1*03:01	0.0	0.28869036	0.088387996	0.25946188
DRB1*03:01	0.0	0.7328622	0.39769977	0.35701293
DRB1*03:01	0.0	0.6127781	0.17358668	0.2498473
DRB1*03:01	0.0	0.084686644	0.24869761	0.29479572
DRB1*03:01	0.0	0.36073413	0.17591901	0.32682514
DRB1*03:01	0.0	0.15306324	0.2244539	0.31167334
DRB1*03:01	0.0	0.6662669	0.02557571	0.25528646
DRB1*03:01	0.0	0.118314266	0.32323635	0.29942125
DRB1*03:01	0.0	0.054617725	0.03713981	0.24307866
DRB1*03:01	0.0	0.71861506	0.028616589	0.23700052
DRB1*03:01	0.0	0.0	0.0038573237	0.24024904
DRB1*03:01	0.0	0.016998762	0.086490326	0.23950136
DRB1*03:01	0.0	0.4864194	0.034483947	0.26483518
DRB1*03:01	0.0	0.084686644	0.17262986	0.27467388
DRB1*03:01	0.0	0.22273539	0.18988754	0.24785921
DRB1*03:01	0.0	0.084686644	0.14828828	0.25393462
DRB1*03:01	0.0	0.084686644	0.0037229958	0.23403159
DRB1*03:01	0.0	0.32117656	0.0026023532	0.23236936
DRB1*03:01	0.0	0.0	0.008981426	0.24161237
DRB1*03:01	0.0	0.6073399	0.1524714	0.2428146
DRB1*03:01	0.0	0.29749924	0.3706592	0.30550247
DRB1*03:01	0.0	0.557524	0.18811803	0.31130394
DRB1*03:01	0.0	0.0	0.08137615	0.25697306
DRB1*03:01	0.0	0.0	0.15275016	0.24243839
DRB1*03:01	0.0	0.007121342	0.04199503	0.25113472
DRB1*03:01	0.0	0.7560895	0.0793391	0.24326131
DRB1*03:01	0.0	0.6384378	0.2734708	0.30427247
DRB1*03:01	0.0	0.064062975	0.017230129	0.25807187
DRB1*03:01	0.0	0.0	0.2301506	0.27175698
DRB1*03:01	0.0	0.21702942	0.0009349083	0.23177183
DRB1*03:01	0.0	0.22750752	0.041916475	0.23843677
DRB1*03:01	0.0	0.34945214	0.684128	0.50477564
DRB1*03:01	1.0	0.85502326	0.06249775	0.24005747
DRB1*03:01	0.0	0.0	0.15854566	0.25435185
DRB1*03:01	0.0	0.0	0.09679872	0.23865277
DRB1*03:01	0.0	0.0	0.07353129	0.2465552
DRB1*03:01	0.0	0.084686644	0.00040223898	0.24019033
DRB1*03:01	0.0	0.62472034	0.34190202	0.310071
DRB1*03:01	0.0	0.0	0.004036057	0.24480766
DRB1*03:01	0.0	0.0	0.016741902	0.25196245
DRB1*03:01	0.0	0.084686644	0.03048956	0.23945706
DRB1*03:01	0.0	0.25819457	0.025806522	0.24271137
DRB1*03:01	0.0	0.6384378	0.0011338552	0.24501425
DRB1*03:01	0.0	0.0	0.044082183	0.23503345
DRB1*03:01	1.0	0.8984626	0.14323327	0.25139496
DRB1*03:01	0.0	0.6073399	0.4477526	0.35938877
DRB1*03:01	0.0	0.4234332	0.04797821	0.24453938
DRB1*03:01	0.0	0.0	0.20334737	0.25212625
DRB1*03:01	0.0	0.0	0.39265484	0.32934493
DRB1*03:01	0.0	0.0	0.061782554	0.23274551
DRB1*03:01	0.0	0.6714029	0.07719887	0.25427014
DRB1*03:01	0.0	0.36156222	0.12168089	0.27470845
DRB1*03:01	0.0	0.3670845	0.04626596	0.24362372
DRB1*03:01	0.0	0.084686644	0.109788634	0.27665532
DRB1*03:01	0.0	0.40877444	0.045653824	0.24919459
DRB1*03:01	0.0	0.0	0.0039437674	0.25485903
DRB1*03:01	0.0	0.0	0.19863614	0.25053772
DRB1*03:01	0.0	0.022058064	0.0024226648	0.2589277
DRB1*03:01	0.0	0.0	0.0756161	0.22687243
DRB1*03:01	0.0	0.14874962	0.441824	0.3562476
DRB1*03:01	0.0	0.29749924	0.43068516	0.35042977
DRB1*03:01	0.0	0.084686644	0.042139396	0.2388624
DRB1*03:01	0.0	0.30440545	0.058413666	0.23782183
DRB1*03:01	0.0	0.084686644	0.008100367	0.22783491
DRB1*03:01	0.0	0.0	0.11350869	0.2534593
DRB1*03:01	0.0	0.084686644	0.055656582	0.23404025
DRB1*03:01	0.0	0.084686644	0.10110579	0.24215882
DRB1*03:01	0.0	0.29838145	0.30828834	0.29995045
DRB1*03:01	0.0	0.0	0.0323787	0.23061414
DRB1*03:01	0.0	0.0	0.0008217593	0.23722082
DRB1*03:01	0.0	0.1662943	0.002737244	0.25634587
DRB1*03:01	0.0	0.0	0.08142822	0.23026706
DRB1*03:01	0.0	0.0	0.05077062	0.23352088
DRB1*03:01	0.0	0.0	0.011145102	0.25253725
DRB1*03:01	0.0	0.3869266	0.3694713	0.34373292
DRB1*03:01	0.0	0.5997392	0.6271851	0.42326573
DRB1*03:01	0.0	0.084686644	0.27839765	0.31996322
DRB1*03:01	0.0	0.0	0.0007840187	0.24225917
DRB1*03:01	0.0	0.4889517	0.01672646	0.24224564
DRB1*03:01	0.0	0.6614014	0.10529219	0.243069
DRB1*03:01	0.0	0.0	0.021930154	0.24875958
DRB1*03:01	0.0	0.33444378	0.093111746	0.27960622
DRB1*03:01	0.0	0.0	0.11960386	0.32351226
DRB1*03:01	0.0	0.38183996	0.030353852	0.24037953
DRB1*03:01	0.0	0.21673967	0.019342214	0.244208
DRB1*03:01	0.0	0.0	0.20136063	0.312249
DRB1*03:01	0.0	0.32476804	0.083970696	0.2768923
DRB1*03:01	0.0	0.51603055	0.7089045	0.5007702
DRB1*03:01	0.0	0.084686644	0.09179486	0.29383242
DRB1*03:01	0.0	0.0	0.38498393	0.33438897
DRB1*03:01	0.0	0.0	0.056543835	0.24060673
DRB1*03:01	0.0	0.0	0.04691455	0.22945702
DRB1*03:01	0.0	0.084686644	0.114680275	0.24271768
DRB1*03:01	0.0	0.084686644	0.006711822	0.23504893
DRB1*03:01	0.0	0.3531744	0.6101606	0.42758754
DRB1*03:01	0.0	0.7278651	0.33881542	0.31844378
DRB1*03:01	0.0	0.43075585	0.04845871	0.25318992
DRB1*03:01	0.0	0.0	0.082412444	0.24086922
DRB1*03:01	0.0	0.084686644	0.53754544	0.382841
DRB1*03:01	0.0	0.3690679	0.03255426	0.2509668
DRB1*03:01	0.0	0.0	0.023528885	0.25703514
DRB1*03:01	0.0	0.4747046	0.19790073	0.2709698
DRB1*03:01	0.0	0.6714029	0.032072756	0.24289757
DRB1*03:01	0.0	0.0	0.14211513	0.2720915
DRB1*03:01	0.0	0.3410125	0.26506174	0.2725569
DRB1*03:01	0.0	0.40544623	0.010305275	0.2515204
DRB1*03:01	0.0	0.61707765	0.07679735	0.24506667
DRB1*03:01	1.0	0.8078111	0.30753732	0.30980587
DRB1*03:01	0.0	0.41614658	0.011840779	0.24730052
DRB1*03:01	0.0	0.0	0.07907016	0.26730198
DRB1*03:01	0.0	0.084686644	0.41627896	0.3639375
DRB1*03:01	0.0	0.0	0.033383254	0.22892077
DRB1*03:01	0.0	0.51902837	0.06345518	0.2532931
DRB1*03:01	0.0	0.0	0.695818	0.46512917
DRB1*03:01	0.0	0.0	0.16902007	0.253968
DRB1*03:01	0.0	0.0	0.025873404	0.2430007
DRB1*03:01	0.0	0.45754	0.058471523	0.24083187
DRB1*03:01	0.0	0.5010838	0.042391546	0.24540423
DRB1*03:01	0.0	0.16995275	0.05237438	0.236696
DRB1*03:01	0.0	0.068881534	0.24780247	0.3255439
DRB1*03:01	0.0	0.084686644	0.32342112	0.2724182
DRB1*03:01	0.0	0.32213682	0.18639344	0.24584518
DRB1*03:01	0.0	0.7328622	0.11570989	0.26622683
DRB1*03:01	0.0	0.48500293	0.075051636	0.24217066
DRB1*03:01	0.0	0.5508399	0.01046632	0.24104838
DRB1*03:01	0.0	0.4205892	0.2964112	0.27034298
DRB1*03:01	0.0	0.69202656	0.03237259	0.23117505
DRB1*03:01	0.0	0.0	0.45228547	0.42959523
DRB1*03:01	0.0	0.0	0.012965626	0.24807641
DRB1*03:01	0.0	0.22242722	0.0945074	0.247237
DRB1*03:01	0.0	0.0	0.0023582669	0.24545932
DRB1*03:01	0.0	0.48968816	0.8322033	0.600178
DRB1*03:01	0.0	0.30165803	0.047402374	0.24159007
DRB1*03:01	0.0	0.24708076	0.39986804	0.33161113
DRB1*03:01	0.0	0.0	0.33510935	0.29528314
DRB1*03:01	0.0	0.0	0.002765625	0.22832571
DRB1*03:01	0.0	0.7560895	0.26107782	0.24943414
DRB1*03:01	0.0	0.26249123	0.020663414	0.23314616
DRB1*03:01	0.0	0.0	0.16522406	0.24293807
DRB1*03:01	0.0	0.42325288	0.18453716	0.2454375
DRB1*03:01	0.0	0.20595668	0.0081349285	0.23939309
DRB1*03:01	0.0	0.38547868	0.023023477	0.24659139
DRB1*03:01	0.0	0.674082	0.043362316	0.2398805
DRB1*03:01	0.0	0.09964197	0.3983396	0.2994666
DRB1*03:01	0.0	0.26571077	0.00059576356	0.24913117
DRB1*03:01	0.0	0.5949985	0.032456473	0.2551523
DRB1*03:01	0.0	0.5672618	0.29529792	0.2875956
DRB1*03:01	0.0	0.7871874	0.28922176	0.28578955
DRB1*03:01	0.0	0.0	0.31090778	0.26219308
DRB1*03:01	0.0	0.054617725	0.034555685	0.23798737
DRB1*03:01	0.0	0.7629388	0.6110088	0.43517613
DRB1*03:01	1.0	0.87187403	0.89291084	0.6433127
DRB1*03:01	0.0	0.62158704	0.041266486	0.24921307
DRB1*03:01	0.0	0.0	0.024753608	0.2299884
DRB1*03:01	0.0	0.0	0.032281682	0.23014635
DRB1*03:01	0.0	0.084686644	0.01530427	0.23371494
DRB1*03:01	1.0	0.8078111	0.34321195	0.31169397
DRB1*03:01	1.0	0.8201525	0.8292037	0.5662682
DRB1*03:01	0.0	0.28450164	0.018585188	0.25799495
DRB1*03:01	0.0	0.47252983	0.5897414	0.42369545
DRB1*03:01	0.0	0.14011735	0.2391665	0.2716249
DRB1*03:01	0.0	0.0	0.01584853	0.23015156
DRB1*03:01	0.0	0.084686644	0.18881206	0.25853568
DRB1*03:01	0.0	0.5350701	0.2859031	0.28279507
DRB1*03:01	0.0	0.084686644	0.27587116	0.28806922
DRB1*03:01	0.0	0.0	0.35460284	0.31429967
DRB1*03:01	0.0	0.02062367	0.094470136	0.23874491
DRB1*03:01	0.0	0.02062367	0.011392549	0.23726168
DRB1*03:01	0.0	0.43999562	0.009748088	0.2506683
DRB1*03:01	0.0	0.0	0.05677085	0.23088668
DRB1*03:01	0.0	0.6567793	0.12362563	0.28068507
DRB1*03:01	0.0	0.0	0.12942615	0.24156097
DRB1*03:01	0.0	0.37690952	0.18256725	0.24704291
DRB1*03:01	0.0	0.0	0.20237888	0.26226616
DRB1*03:01	0.0	0.49501443	0.0055118767	0.2442983
DRB1*03:01	0.0	0.30926153	0.001615942	0.24866723
DRB1*03:01	0.0	0.42997757	0.18203044	0.31450605
DRB1*03:01	1.0	1.0	0.33595952	0.27483773
DRB1*03:01	0.0	0.084686644	0.01068322	0.24021891
DRB1*03:01	0.0	0.0	0.044342104	0.2617041
DRB1*03:01	0.0	0.42111585	0.5993462	0.40030998
DRB1*03:01	0.0	0.17440632	0.028251642	0.24036986
DRB1*03:01	0.0	0.0	0.43788287	0.3388896
DRB1*03:01	0.0	0.0	0.015643451	0.240456
DRB1*03:01	0.0	0.0	0.019187301	0.2461244
DRB1*03:01	0.0	0.084686644	0.28017125	0.29545352
DRB1*03:01	0.0	0.3861998	0.017603928	0.23795414
DRB1*03:01	0.0	0.084686644	0.015895832	0.23873222
DRB1*03:01	0.0	0.0	0.465213	0.35264927
DRB1*03:01	0.0	0.74971294	0.6860578	0.43054256
DRB1*03:01	0.0	0.00053761597	0.123935424	0.23709041
DRB1*03:01	0.0	0.55012625	0.84664893	0.57137513
DRB1*03:01	0.0	0.55155915	0.059194066	0.25018585
DRB1*03:01	0.0	0.0	0.51901615	0.37912887
DRB1*03:01	0.0	0.3750729	0.023239171	0.2353001
DRB1*03:01	0.0	0.0	0.16123712	0.2566507
DRB1*03:01	0.0	0.0	0.44607517	0.40131354
DRB1*03:01	0.0	0.0	0.03201712	0.24402419
DRB1*03:01	0.0	0.084686644	0.0030515015	0.23291999
DRB1*03:01	0.0	0.16603766	3.289519e-05	0.26136607
DRB1*03:01	0.0	0.0	0.08768516	0.25890088
DRB1*03:01	0.0	0.0	0.050496757	0.23993587
DRB1*03:01	0.0	0.25898322	0.051509	0.25268173
DRB1*03:01	0.0	0.6662669	0.08697645	0.24205169
DRB1*03:01	0.0	0.0	0.008849739	0.25131243
DRB1*03:01	0.0	0.49155536	0.0073248027	0.25892252
DRB1*03:01	0.0	0.0	0.33022347	0.29732096
DRB1*03:01	0.0	0.48121598	0.2869557	0.24388081
DRB1*03:01	0.0	0.5707499	0.06471833	0.23810157
DRB1*03:01	0.0	0.2912892	0.08285211	0.2821129
DRB1*03:01	0.0	0.2988492	0.030036034	0.24649552
DRB1*03:01	0.0	0.39505696	0.012127863	0.25273567
DRB1*03:01	0.0	0.34235418	0.1074976	0.23190755
DRB1*03:01	0.0	0.0	0.0036644014	0.24359155
DRB1*03:01	1.0	1.0	0.117264986	0.22903723
DRB1*03:01	0.0	0.62796354	0.05772333	0.24371721
DRB1*03:01	0.0	0.0	0.031984854	0.23008907
DRB1*03:01	0.0	0.48500293	0.77805465	0.535065
DRB1*03:01	0.0	0.5237156	0.14096715	0.25271642
DRB1*03:01	0.0	0.02062367	0.5517537	0.40759882
DRB1*03:01	0.0	0.28941578	0.21974549	0.3106873
DRB1*03:01	0.0	0.0020276671	0.041969247	0.23970771
DRB1*03:01	0.0	0.0	0.03422979	0.23564483
DRB1*03:01	0.0	0.71861506	0.04433738	0.23560855
DRB1*03:01	0.0	0.31466478	0.058336865	0.2389787
DRB1*03:01	0.0	0.7629388	0.43762043	0.37668747
DRB1*03:01	0.0	0.0	0.14179948	0.26357424
DRB1*03:01	0.0	0.18272366	0.021912748	0.24538466
DRB1*03:01	0.0	0.0	0.10067112	0.24161093
DRB1*03:01	0.0	0.0	0.05699613	0.23413993
DRB1*03:01	0.0	0.0	0.1703636	0.24660838
DRB1*03:01	0.0	0.41254732	0.08779004	0.22759114
DRB1*03:01	0.0	0.0	0.04340058	0.24530205
DRB1*03:01	0.0	0.20747952	0.21415713	0.27099103
DRB1*03:01	0.0	0.0	0.114270136	0.25591263
DRB1*03:01	0.0	0.30248347	0.076976895	0.2588368
DRB1*03:01	0.0	0.0	0.0033849317	0.24404144
DRB1*03:01	0.0	0.084686644	0.3304772	0.30106348
DRB1*03:01	0.0	0.084686644	0.16604464	0.24268231
DRB1*03:01	0.0	0.39532292	0.12539732	0.26590675
DRB1*03:01	0.0	0.0	0.10255352	0.23846167
DRB1*03:01	0.0	0.084686644	0.016889004	0.24528204
DRB1*03:01	0.0	0.63132477	0.63682336	0.44822636
DRB1*03:01	0.0	0.0	0.008575263	0.25204924
DRB1*03:01	0.0	0.674082	0.925257	0.702485
DRB1*03:01	0.0	0.084686644	0.10640686	0.2467019
DRB1*03:01	0.0	0.7437481	0.057753988	0.2697503
DRB1*03:01	0.0	0.3623978	0.13914222	0.2465991
DRB1*03:01	0.0	0.5753037	0.015247547	0.24004537
DRB1*03:01	0.0	0.5830913	0.33605346	0.31672576
DRB1*03:01	0.0	0.0	0.4128355	0.32759908
DRB1*03:01	0.0	0.61707765	0.056469005	0.24151972
DRB1*03:01	0.0	0.0	0.33636555	0.32861584
DRB1*03:01	0.0	0.28200623	0.012769896	0.23814641
DRB1*03:01	0.0	0.60346144	0.0014419387	0.26520047
DRB1*03:01	0.0	0.084686644	0.03018852	0.2376472
DRB1*03:01	0.0	0.0	0.09512826	0.26661587
DRB1*03:01	0.0	0.084686644	0.0055563105	0.2482558
DRB1*03:01	0.0	0.63305235	0.06353727	0.24898392
DRB1*03:01	0.0	0.37539437	0.15714647	0.25260648
DRB1*03:01	0.0	0.59048915	0.8857738	0.64487183
DRB1*03:01	0.0	0.640305	0.8713759	0.63029706
DRB1*03:01	0.0	0.65906143	0.8486008	0.59073204
DRB1*03:01	0.0	0.6348129	0.3987218	0.33462995
DRB1*03:01	0.0	0.0	0.54832774	0.42555827
DRB1*03:01	0.0	0.38218588	0.24119972	0.28787237
DRB1*03:01	0.0	0.3891419	0.43056569	0.31909838
DRB1*03:01	0.0	0.0	0.057249855	0.24814752
DRB1*03:01	0.0	0.18023464	0.7733668	0.5561978
DRB1*03:01	0.0	0.0	0.0026719638	0.2511852
DRB1*03:01	0.0	0.0	0.057850253	0.2352488
DRB1*03:01	0.0	0.24376641	0.0154132815	0.24183851
DRB1*03:01	0.0	0.7629388	0.02709308	0.25679764
DRB1*03:01	0.0	0.02062367	0.10824599	0.24681014
DRB1*03:01	0.0	0.43373433	0.46527642	0.39425635
DRB1*03:01	0.0	0.47565255	0.4548737	0.3759901
DRB1*03:01	0.0	0.27124634	0.047109984	0.24015316
DRB1*03:01	0.0	0.29749924	0.075702004	0.24336708
DRB1*03:01	0.0	0.02062367	0.3728242	0.3239168
DRB1*03:01	0.0	0.084686644	0.19400531	0.24602172
DRB1*03:01	0.0	0.3144425	0.17839731	0.248588
DRB1*03:01	0.0	0.0	0.06738162	0.2596677
DRB1*03:01	0.0	0.28843865	0.027766569	0.24098006
DRB1*03:01	0.0	0.29749924	0.16524754	0.2584238
DRB1*03:01	0.0	0.7437481	0.23969263	0.24555437
DRB1*03:01	0.0	0.54131734	0.7527163	0.502819
DRB1*03:01	0.0	0.71431553	0.011265717	0.25752714
DRB1*03:01	0.0	0.6127781	0.49048367	0.3761888
DRB1*03:01	0.0	0.43233243	0.044474423	0.26350713
DRB1*03:01	0.0	0.3088426	0.0077645904	0.24067682
DRB1*03:01	0.0	0.72312444	0.7130807	0.48903948
DRB1*03:01	1.0	1.0	0.3972803	0.36492902
DRB1*03:01	0.0	0.19004029	0.022018412	0.24801189
DRB1*03:01	0.0	0.7437481	0.077988505	0.25180352
DRB1*03:01	0.0	0.0	0.25848252	0.27874607
DRB1*03:01	0.0	0.05265516	0.9240823	0.68589437
DRB1*03:01	0.0	0.056437936	0.7837984	0.5105244
DRB1*03:01	0.0	0.4942345	0.008507392	0.24025923
DRB1*03:01	0.0	0.0	0.22932109	0.30707893
DRB1*03:01	0.0	0.0	0.17477812	0.2460804
DRB1*03:01	0.0	0.007115584	0.7625329	0.5327719
DRB1*03:01	1.0	0.8790795	0.19604704	0.2584487
DRB1*03:01	0.0	0.0	0.04399266	0.24552512
DRB1*03:01	0.0	0.4775781	0.042878706	0.2550477
DRB1*03:01	0.0	0.19358952	0.65656793	0.4543521
DRB1*03:01	0.0	0.70250076	0.7597163	0.500702
DRB1*03:01	1.0	0.83439964	0.14370817	0.23723613
DRB1*03:01	0.0	0.0	0.067545384	0.24265456
DRB1*03:01	0.0	0.0	0.105938695	0.2446474
DRB1*03:01	0.0	0.00973777	0.20065133	0.2502783
DRB1*03:01	0.0	0.0	0.49249482	0.4037429
DRB1*03:01	0.0	0.24673325	0.07063706	0.2442828
DRB1*03:01	0.0	0.054918613	0.13281299	0.23964301
DRB1*03:01	0.0	0.0	0.0046264934	0.25028205
DRB1*03:01	0.0	0.0	0.101054825	0.23725149
DRB1*03:01	0.0	0.5002512	0.06958486	0.24689513
DRB1*03:01	0.0	0.35084078	0.05945499	0.23039228
DRB1*03:01	0.0	0.4942345	0.0020144994	0.23833606
DRB1*03:01	0.0	0.0	0.1639475	0.3294734
DRB1*03:01	0.0	0.27912077	0.017392844	0.23809847
DRB1*03:01	0.0	0.58009356	0.16503465	0.25007626
DRB1*03:01	0.0	0.48968816	0.01122585	0.23946345
DRB1*03:01	0.0	0.0	0.01474372	0.23028265
DRB1*03:01	0.0	0.29749924	0.8818136	0.6189779
DRB1*03:01	0.0	0.5026868	0.37600687	0.30732533
DRB1*03:01	0.0	0.49942595	0.01895931	0.2516656
DRB1*03:01	0.0	0.0	0.21881844	0.26468188
DRB1*03:01	0.0	0.6614014	0.030861355	0.24938902
DRB1*03:01	0.0	0.15233979	0.29184932	0.31159666
DRB1*03:01	0.0	0.0	0.30187094	0.2928645
DRB1*03:01	0.0	0.7703366	0.26211318	0.25421557
DRB1*03:01	0.0	0.38476312	0.3470227	0.3203029
DRB1*03:01	0.0	0.0	0.09490382	0.26876548
DRB1*03:01	1.0	1.0	0.6210107	0.47519892
DRB1*03:01	0.0	0.35937026	0.04346201	0.24353157
DRB1*03:01	0.0	0.0	0.08626748	0.23612891
DRB1*03:01	0.0	0.14146563	0.53687584	0.40778464
DRB1*03:01	0.0	0.084686644	0.07754525	0.24896175
DRB1*03:01	0.0	0.56986547	0.2794136	0.29020345
DRB1*03:01	0.0	0.0	0.015321396	0.23749089
DRB1*03:01	0.0	0.29749924	0.07782121	0.23724061
DRB1*03:01	0.0	0.3814953	0.575647	0.4268054
DRB1*03:01	0.0	0.71861506	0.5730315	0.40998018
DRB1*03:01	0.0	0.51031184	0.1054488	0.25529414
DRB1*03:01	0.0	0.084686644	0.015255698	0.24565506
DRB1*03:01	0.0	0.0	0.06678487	0.2513985
DRB1*03:01	0.0	0.0	0.011740816	0.24161924
DRB1*03:01	0.0	0.084686644	0.057690978	0.22785456
DRB1*03:01	0.0	0.084686644	0.17120059	0.24982959
DRB1*03:01	0.0	0.45270798	0.22833218	0.27314475
DRB1*03:01	0.0	0.0	0.00020534554	0.24045485
DRB1*03:01	0.0	0.0	0.042535376	0.23825835
DRB1*03:01	0.0	0.42806	0.06856436	0.24551706
DRB1*03:01	0.0	0.4497814	0.6694585	0.46322277
DRB1*03:01	0.0	0.39334658	0.89966464	0.6501043
DRB1*03:01	0.0	0.0	0.053096037	0.22390871
DRB1*03:01	0.0	0.4942345	0.8368972	0.5738076
DRB1*03:01	0.0	0.3851202	0.30249748	0.3325814
DRB1*03:01	0.0	0.0	0.14767674	0.23348434
DRB1*03:01	0.0	0.0	0.3640999	0.3001572
DRB1*03:01	0.0	0.23759507	0.023653321	0.25216967
DRB1*03:01	0.0	0.0	0.33901954	0.29674053
DRB1*03:01	0.0	0.0	0.049681548	0.23932295
DRB1*03:01	0.0	0.60473627	0.84940314	0.5774894
DRB1*03:01	0.0	0.7437481	0.17425	0.27286342
DRB1*03:01	0.0	0.77837855	0.7206177	0.4961103
DRB1*03:01	0.0	0.2641836	0.16329928	0.23466249
DRB1*03:01	0.0	0.084686644	0.38918254	0.34192783
DRB1*03:01	0.0	0.4969936	0.071341686	0.25634396
DRB1*03:01	0.0	0.0	0.08659819	0.23964256
DRB1*03:01	0.0	0.02062367	0.2016812	0.24814066
DRB1*03:01	1.0	0.8078111	0.09544207	0.23523457
DRB1*03:01	0.0	0.3505942	0.14767645	0.26033232
DRB1*03:01	0.0	0.4293981	0.18117087	0.25012493
DRB1*03:01	0.0	0.25595662	0.22728996	0.26096418
DRB1*03:01	0.0	0.20199244	0.03471515	0.25265026
DRB1*03:01	0.0	0.4092377	0.27386177	0.29140726
DRB1*03:01	0.0	0.48606324	0.6172529	0.418909
DRB1*03:01	0.0	0.41367742	0.013530366	0.2595823
DRB1*03:01	0.0	0.5231829	0.0030450602	0.2528853
DRB1*03:01	0.0	0.09289672	0.015851505	0.2569825
DRB1*03:01	0.0	0.0	0.07869562	0.23733094
DRB1*03:01	0.0	0.26457113	0.0049639926	0.24920866
DRB1*03:01	0.0	0.084686644	0.4479727	0.33181936
DRB1*03:01	0.0	0.35133588	0.013203026	0.25314635
DRB1*03:01	0.0	0.06791293	0.1410892	0.22474377
DRB1*03:01	0.0	0.0	0.033969127	0.23340602
DRB1*03:01	0.0	0.0	0.014720844	0.23679037
DRB1*03:01	0.0	0.13104023	0.58931404	0.41464186
DRB1*03:01	0.0	0.5205645	0.32807675	0.3465502
DRB1*03:01	0.0	0.5639006	0.061253477	0.2588698
DRB1*03:01	0.0	0.0	0.047414362	0.24526855
DRB1*03:01	0.0	0.5237156	0.17965354	0.29201466
DRB1*03:01	0.0	0.043884	0.12844183	0.24475889
DRB1*03:01	0.0	0.0	0.5065975	0.38335606
DRB1*03:01	0.0	0.15276353	0.27535093	0.34114188
DRB1*03:01	0.0	0.5725446	0.87939703	0.6288689
DRB1*03:01	0.0	0.0	0.14826754	0.24476537
DRB1*03:01	0.0	0.084686644	0.19536334	0.32378682
DRB1*03:01	0.0	0.29749924	0.19083302	0.2655194
DRB1*03:01	0.0	0.37712803	0.20688024	0.24988467
DRB1*03:01	0.0	0.0	0.21953309	0.31419134
DRB1*03:01	0.0	0.0	0.16733442	0.23923111
DRB1*03:01	0.0	0.084686644	0.0011432578	0.26048598
DRB1*03:01	0.0	0.4092377	0.07552026	0.25223482
DRB1*03:01	1.0	0.85125035	0.12556604	0.24351887
DRB1*03:01	0.0	0.5552419	0.054892536	0.24502477
DRB1*03:01	0.0	0.4457879	0.02973499	0.25372356
DRB1*03:01	0.0	0.3811519	0.015444959	0.24200287
DRB1*03:01	0.0	0.3336204	0.03937381	0.251708
DRB1*03:01	0.0	0.0	0.17836937	0.3276892
DRB1*03:01	0.0	0.6384378	0.02864474	0.23567808
DRB1*03:01	0.0	0.0	0.35456803	0.28913707
DRB1*03:01	0.0	0.084686644	0.009457726	0.23786318
DRB1*03:01	0.0	0.43977994	0.18060501	0.23879802
DRB1*03:01	0.0	0.51801825	0.11494024	0.27722788
DRB1*03:01	0.0	0.18788402	0.031022262	0.24119073
DRB1*03:01	0.0	0.0	0.079390265	0.25630033
DRB1*03:01	0.0	0.0	0.004888731	0.23897019
DRB1*03:01	0.0	0.0	0.20606092	0.30757803
DRB1*03:01	0.0	0.0	0.01301965	0.2446259
DRB1*03:01	0.0	0.4325314	0.045742583	0.24469295
DRB1*03:01	0.0	0.6768411	0.81719476	0.57190204
DRB1*03:01	0.0	0.06956957	0.0023936797	0.23003069
DRB1*03:01	0.0	0.48395464	0.14699973	0.24244276
DRB1*03:01	0.0	0.11409032	0.09133936	0.24869025
DRB1*03:01	0.0	0.0	0.0012351455	0.22984539
DRB1*03:01	0.0	0.084686644	0.18222013	0.25422525
DRB1*03:01	0.0	0.36826944	0.14524065	0.26328477
DRB1*03:01	0.0	0.384882	0.11271393	0.24303055
DRB1*03:01	0.0	0.084686644	0.024208045	0.24468137
DRB1*03:01	0.0	0.0	0.14999701	0.24287179
DRB1*03:01	0.0	0.17671624	0.0011104669	0.24060673
DRB1*03:01	0.0	0.084686644	0.18963704	0.23601703
DRB1*03:01	0.0	0.7629388	0.018223176	0.25278416
DRB1*03:01	0.0	0.084686644	0.3155847	0.3031576
DRB1*03:01	0.0	0.0	0.02736088	0.22862528
DRB1*03:01	0.0	0.12450104	0.391858	0.35768455
DRB1*03:01	0.0	0.5689894	0.33203897	0.35510617
DRB1*03:01	0.0	0.58831435	0.12699185	0.25328773
DRB1*03:01	0.0	0.158693	0.1707106	0.254113
DRB1*03:01	0.0	0.02062367	0.028787019	0.23366958
DRB1*03:01	0.0	0.41001502	0.8124634	0.57190573
DRB1*03:01	0.0	0.738145	0.059149202	0.23712361
DRB1*03:01	0.0	0.7871874	0.30013484	0.29188278
DRB1*03:01	0.0	0.054617725	0.038713876	0.23514402
DRB1*03:01	0.0	0.70250076	0.15815112	0.26423255
DRB1*03:01	0.0	0.557524	0.11655699	0.33071345
DRB1*03:01	0.0	0.4766103	0.0055432706	0.23738895
DRB1*03:01	0.0	0.02062367	0.1323069	0.2554673
DRB1*03:01	0.0	0.70250076	0.71587247	0.5011294
DRB1*03:01	0.0	0.084686644	0.14131518	0.24563381
DRB1*03:01	0.0	0.0	0.17984083	0.26384526
DRB1*03:01	0.0	0.32696646	0.00411624	0.23854749
DRB1*03:01	0.0	0.0	0.004846725	0.23453197
DRB1*03:01	0.0	0.10135275	0.6224077	0.43864346
DRB1*03:01	0.0	0.2637977	0.04140957	0.24109314
DRB1*03:01	0.0	0.4942345	0.004470005	0.2471482
DRB1*03:01	0.0	0.0	0.094464585	0.27706608
DRB1*03:01	0.0	0.15062626	0.0017967339	0.25784335
DRB1*03:01	0.0	0.32576656	0.038648393	0.24328057
DRB1*03:01	0.0	0.0	0.80437505	0.5581951
DRB1*03:01	0.0	0.084686644	0.05120949	0.25060606
DRB1*03:01	0.0	0.07012056	0.005940151	0.24222732
DRB1*03:01	0.0	0.5689894	0.5334782	0.3762887
DRB1*03:01	0.0	0.48326233	0.38259947	0.34104583
DRB1*03:01	0.0	0.0	0.22700237	0.31100932
DRB1*03:01	0.0	0.3158971	0.35452822	0.31131858
DRB1*03:01	0.0	0.5771899	0.2609381	0.280164
DRB1*03:01	0.0	0.5356762	0.020002507	0.2434918
DRB1*03:01	0.0	0.22870712	0.16970176	0.27375627
DRB1*03:01	0.0	0.0	0.019043045	0.24534099
DRB1*03:01	0.0	0.0	0.009201272	0.25056806
DRB1*03:01	0.0	0.084686644	0.32907906	0.28071237
DRB1*03:01	0.0	0.084686644	0.0031834745	0.23921478
DRB1*03:01	0.0	0.09672225	0.07400769	0.26379496
DRB1*03:01	0.0	0.0	0.15324147	0.24009463
DRB1*03:01	0.0	0.36156222	0.04236577	0.24877366
DRB1*03:01	0.0	0.15567574	0.009481547	0.25579172
DRB1*03:01	0.0	0.02062367	0.021677403	0.23435606
DRB1*03:01	0.0	0.084686644	0.011402455	0.23348592
DRB1*03:01	0.0	0.0	0.23412335	0.2745967
DRB1*03:01	0.0	0.3242111	0.029584501	0.25385046
DRB1*03:01	0.0	0.5446068	0.043598842	0.24874708
DRB1*03:01	0.0	0.35900992	0.2151512	0.2527204
DRB1*03:01	0.0	0.7629388	0.23937179	0.24688622
DRB1*03:01	0.0	0.6687992	0.14383534	0.2958321
DRB1*03:01	0.0	0.1506923	0.15173219	0.24007398
DRB1*03:01	0.0	0.25714344	0.05104971	0.23500559
DRB1*03:01	0.0	0.028823648	0.23334092	0.28613028
DRB1*03:01	0.0	0.059511382	0.01192048	0.24487793
DRB1*03:01	0.0	0.3959912	0.012873518	0.24956413
DRB1*03:01	0.0	0.4325314	0.12731701	0.23362285
DRB1*03:01	0.0	0.56641	0.13367814	0.23845026
DRB1*03:01	0.0	0.43870896	0.21169806	0.2994236
DRB1*03:01	0.0	0.19823861	0.0019601525	0.24903397
DRB1*03:01	0.0	0.0	0.3111621	0.29654062
DRB1*03:01	0.0	0.21253574	0.638037	0.43904155
DRB1*03:01	0.0	0.29285794	0.011167252	0.24050325
DRB1*03:01	0.0	0.3037109	0.65605694	0.4512755
DRB1*03:01	0.0	0.0	0.023656597	0.23704933
DRB1*03:01	0.0	0.5089358	0.036841743	0.22850557
DRB1*03:01	0.0	0.6502526	0.073864885	0.23731384
DRB1*03:01	0.0	0.21129096	0.006937331	0.24893025
DRB1*03:01	0.0	0.0	0.011071816	0.23603025
DRB1*03:01	0.0	0.55228406	0.012573234	0.2522382
DRB1*03:01	0.0	0.0	0.013492385	0.24917637
DRB1*03:01	0.0	0.6296289	0.006579235	0.23446324
DRB1*03:01	0.0	0.0	0.015088338	0.2554428
DRB1*03:01	0.0	0.0	0.8382383	0.58634937
DRB1*03:01	0.0	0.6662669	0.52329504	0.40879375
DRB1*03:01	0.0	0.0	0.0214459	0.25341466
DRB1*03:01	0.0	0.0	0.41733974	0.33886224
DRB1*03:01	0.0	0.5145674	0.75669825	0.51092935
DRB1*03:01	0.0	0.42692825	0.06715308	0.24077603
DRB1*03:01	1.0	0.85125035	0.114948414	0.26390445
DRB1*03:01	0.0	0.32501668	0.79522204	0.5292972
DRB1*03:01	0.0	0.0	0.059538238	0.24935657
DRB1*03:01	0.0	0.4942345	0.0714865	0.23597479
DRB1*03:01	0.0	0.084686644	0.27525556	0.282745
DRB1*03:01	0.0	0.084686644	0.14596906	0.28271616
DRB1*03:01	0.0	0.16331461	0.046363816	0.23456483
DRB1*03:01	0.0	0.084686644	0.10791883	0.2535239
DRB1*03:01	0.0	0.0490559	0.106495716	0.24796629
DRB1*03:01	0.0	0.55012625	0.057640593	0.23793443
DRB1*03:01	0.0	0.0	0.066099815	0.2506931
DRB1*03:01	0.0	0.5606573	0.15401284	0.2512816
DRB1*03:01	0.0	0.13583235	0.26102245	0.2694652
DRB1*03:01	0.0	0.084686644	0.521862	0.3908035
DRB1*03:01	0.0	0.0	0.17168778	0.27005625
DRB1*03:01	0.0	0.0	0.06346157	0.23534857
DRB1*03:01	0.0	0.0	0.25140768	0.30669668
DRB1*03:01	0.0	0.03896517	0.7670447	0.53841114
DRB1*03:01	0.0	0.18216471	0.048083138	0.23251912
DRB1*03:01	0.0	0.74971294	0.101229854	0.23844844
DRB1*03:01	0.0	0.31026414	0.018844847	0.24855274
DRB1*03:01	0.0	0.0	0.017935527	0.25260526
DRB1*03:01	0.0	0.4657244	0.024008846	0.23988543
DRB1*03:01	0.0	0.00973777	0.0020002315	0.24485864
DRB1*03:01	0.0	0.54067326	0.78763366	0.53330064
DRB1*03:01	0.0	0.43017152	0.12441717	0.2494454
DRB1*03:01	0.0	0.1908821	0.31338057	0.29688388
DRB1*03:01	1.0	0.9911911	0.2806816	0.28790838
DRB1*03:01	0.0	0.473146	0.014561024	0.23415819
DRB1*03:01	0.0	0.40441188	0.25770172	0.29865748
DRB1*03:01	0.0	0.3228028	0.26150206	0.31668895
DRB1*03:01	0.0	0.084686644	0.27700672	0.26128665
DRB1*03:01	0.0	0.0	0.03214184	0.24793148
DRB1*03:01	0.0	0.0	0.1804181	0.24181813
DRB1*03:01	0.0	0.23757091	0.22249803	0.2579436
DRB1*03:01	0.0	0.0	0.04708069	0.24727006
DRB1*03:01	0.0	0.53446805	0.12370074	0.28503343
DRB1*03:01	0.0	0.2694209	0.01571505	0.24846157
DRB1*03:01	0.0	0.054617725	0.11682198	0.27120057
DRB1*03:01	0.0	0.4728374	0.07463578	0.24276158
DRB1*03:01	0.0	0.50802964	0.84407395	0.6083946
DRB1*03:01	0.0	0.7062737	0.15971026	0.27071872
DRB1*03:01	1.0	1.0	0.1251959	0.23019414
DRB1*03:01	0.0	0.6662669	0.5523386	0.3994266
DRB1*03:01	0.0	0.33314344	0.18513447	0.27202955
DRB1*03:01	0.0	0.36295906	0.08081258	0.22730958
DRB1*03:01	0.0	0.0	0.10873489	0.23824786
DRB1*03:01	0.0	0.02062367	0.53681153	0.41130903
DRB1*03:01	1.0	0.8984626	0.47906882	0.39321157
DRB1*03:01	0.0	0.7871874	0.11885148	0.25638914
DRB1*03:01	0.0	0.4759707	0.72099537	0.49940908
DRB1*03:01	0.0	0.054617725	0.014892486	0.24612853
DRB1*03:01	0.0	0.052111946	0.024487473	0.26364207
DRB1*03:01	0.0	0.29749924	0.076999515	0.24738738
DRB1*03:01	0.0	0.0	0.020593638	0.24317355
DRB1*03:01	0.0	0.6263277	0.09906345	0.2729676
DRB1*03:01	0.0	0.65906143	0.049056794	0.2416866
DRB1*03:01	0.0	0.13300684	0.11537254	0.25275734
DRB1*03:01	0.0	0.19696854	0.012569813	0.24552262
DRB1*03:01	0.0	0.6687992	0.17694433	0.27334976
DRB1*03:01	0.0	0.5002512	0.047600117	0.24100068
DRB1*03:01	0.0	0.36409196	0.030787632	0.23918253
DRB1*03:01	0.0	0.0	0.0141012315	0.24139345
DRB1*03:01	0.0	0.6141892	0.19411115	0.24500787
DRB1*03:01	0.0	0.11621066	0.064572826	0.23469669
DRB1*03:01	0.0	0.58618957	0.055813	0.23585363
DRB1*03:01	0.0	0.74971294	0.018625868	0.238501
DRB1*03:01	0.0	0.38264915	0.06315017	0.23687868
DRB1*03:01	0.0	0.44240203	0.111870684	0.2624974
DRB1*03:01	1.0	1.0	0.48704427	0.37754577
DRB1*03:01	0.0	0.084686644	0.28534257	0.26519844
DRB1*03:01	0.0	0.5791155	0.039664548	0.245552
DRB1*03:01	0.0	0.0	0.118347555	0.23909709
DRB1*03:01	0.0	0.69202656	0.29032785	0.2764123
DRB1*03:01	0.0	0.48606324	0.51563615	0.43523777
DRB1*03:01	0.0	0.69202656	0.020679897	0.2524333
DRB1*03:01	0.0	0.084686644	0.4165613	0.35128558
DRB1*03:01	0.0	0.084686644	0.07478492	0.25182503
DRB1*03:01	0.0	0.20445853	0.09948192	0.23468587
DRB1*03:01	0.0	0.0	0.0402929	0.22889322
DRB1*03:01	0.0	0.0	0.13539417	0.23764788
DRB1*03:01	0.0	0.5791155	0.31138155	0.2852288
DRB1*03:01	0.0	0.09702806	0.28781098	0.2837876
DRB1*03:01	0.0	0.71861506	0.14387323	0.29575926
DRB1*03:01	0.0	0.0	0.018248549	0.23006448
DRB1*03:01	0.0	0.084686644	0.028217575	0.23559219
DRB1*03:01	0.0	0.3187605	0.072516985	0.2456503
DRB1*03:01	0.0	0.2500747	0.36599964	0.32075733
DRB1*03:01	0.0	0.0	0.3215261	0.27099004
DRB1*03:01	0.0	0.60346144	0.4786474	0.39118606
DRB1*03:01	0.0	0.559864	0.6825901	0.45651338
DRB1*03:01	0.0	0.20328394	0.001954943	0.24904855
DRB1*03:01	0.0	0.084686644	0.049803555	0.24144045
DRB1*03:01	1.0	1.0	0.41427746	0.3564108
DRB1*03:01	0.0	0.084686644	0.0016443783	0.2500637
DRB1*03:01	0.0	0.0	0.28742152	0.27395263
DRB1*03:01	0.0	0.3800165	0.041303094	0.25162625
DRB1*03:01	0.0	0.0	0.065219134	0.267687
DRB1*03:01	0.0	0.06282178	0.15235	0.3150884
DRB1*03:01	0.0	0.0	0.2660876	0.25502944
DRB1*03:01	0.0	0.6614014	0.25208867	0.27974075
DRB1*03:01	0.0	0.39128405	0.15867904	0.23548311
DRB1*03:01	0.0	0.27461144	0.025704117	0.23829786
DRB1*03:01	0.0	0.6127781	0.30331185	0.27534127
DRB1*03:01	0.0	0.51603055	0.6119048	0.4230078
DRB1*03:01	0.0	0.0	0.4253827	0.3391807
DRB1*03:01	0.0	0.6185565	0.12267305	0.24134722
DRB1*03:01	0.0	0.0	0.007572613	0.23282024
DRB1*03:01	0.0	0.49193338	0.15665346	0.2722311
DRB1*03:01	0.0	0.084686644	0.024088047	0.24230391
DRB1*03:01	0.0	0.22585379	0.00031425967	0.24654353
DRB1*03:01	0.0	0.62472034	0.12393968	0.25656325
DRB1*03:01	0.0	0.0	0.06119738	0.23355757
DRB1*03:01	0.0	0.084686644	0.3995465	0.3667783
DRB1*03:01	0.0	0.084686644	0.059627675	0.22939827
DRB1*03:01	0.0	0.0	0.12858883	0.31829998
DRB1*03:01	0.0	0.6614014	0.41963106	0.34084755
DRB1*03:01	0.0	0.058852118	0.048659794	0.24767128
DRB1*03:01	0.0	0.14473452	0.27943155	0.32622278
DRB1*03:01	0.0	0.68565	0.34778598	0.31682184
DRB1*03:01	0.0	0.060722884	0.023100803	0.25292176
DRB1*03:01	0.0	0.6263277	0.20630555	0.26067686
DRB1*03:01	0.0	0.77837855	0.81282353	0.55996907
DRB1*03:01	0.0	0.0	0.09237733	0.23141268
DRB1*03:01	0.0	0.738145	0.7746696	0.556594
DRB1*03:01	0.0	0.7629388	0.2989576	0.2604299
DRB1*03:01	0.0	0.0	0.4453334	0.36074042
DRB1*03:01	0.0	0.084686644	0.03507206	0.2535402
DRB1*03:01	0.0	0.5286533	0.056561645	0.24862456
DRB1*03:01	0.0	0.0	0.046951603	0.23783088
DRB1*03:01	0.0	0.31235683	0.3412432	0.30055833
DRB1*03:01	0.0	0.0	0.6237736	0.47716907
DRB1*03:01	0.0	0.0	0.14555953	0.23316003
DRB1*03:01	0.0	0.5997392	0.039376996	0.24420388
DRB1*03:01	0.0	0.0	0.228646	0.26296416
DRB1*03:01	0.0	0.77837855	0.39170614	0.35641122
DRB1*03:01	0.0	0.0	0.12871864	0.24209073
DRB1*03:01	0.0	0.4448728	0.25790235	0.30119473
DRB1*03:01	0.0	0.53628623	0.9002673	0.6745647
DRB1*03:01	0.0	0.113773264	0.15661435	0.24263999
DRB1*03:01	0.0	0.7871874	0.010566913	0.24717602
DRB1*03:01	0.0	0.62472034	0.0045201764	0.2557723
DRB1*03:01	0.0	0.02062367	0.044522714	0.24169019
DRB1*03:01	0.0	0.3652389	0.04665564	0.24960648
DRB1*03:01	0.0	0.576242	0.00538831	0.24105443
